{
    "name": "Arnea's relief",
    "description": "After having Arnea take care of you this morning, your balls feel nice and light and you feel more refreshed than usual. All arousal damage is decreased by 5, your max arousal is increased by 20 and your chance of edging is improved by 15. |perkDuration|",

    "LevelReq": "0",
    "PerkReq": [ ""],
    "StatReq": [ ""],
    "StatReqAmount": [ "0"],

    "PerkType": [ "DamageReduction",  "GainArousal", "Edging", "TimeDuration", "EndMessage"],
    "EffectPower": [ "-5", "20", "15", "6", "Your balls are starting to feel a little heavier now. Arnea's relief has worn off."],

    "PlayerCanPurchase": "No"
}
