{
    "name": "Arnea's warmth",
    "description": "Spending the night cuddling with Arnea has left you feeling warm and relaxed, and you can faintly smell her herby scent on your skin. Increases exp and eros gains by 15%. |perkDuration|.",

    "LevelReq": "0",
    "PerkReq": [""],
    "StatReq": [""],
    "StatReqAmount": ["0"],

    "PerkType": ["ExpBoost", "ErosBoost", "TimeDuration", "EndMessage"],
    "EffectPower": ["15", "15", "6", "The warmth from cuddling with Arnea has worn off."],

    "PlayerCanPurchase": "No"
}
