{
    "name": "Arnea's charm of good health",
    "itemType": "Accessory",
    "cost": "0",
    "descrip": "A charm made by Arnea to help you on your journey. It consists of a small pouch containing an Agress leaf that grants good health, one of Arnea's ribbons is neatly tied around the pouch keeping it secure and has also been bleesed with Arnea's words. It still faintly smells of herbs, which reminds you of Arnea. Grants 5% resistance to all status effects as well providing an extra +15 to max arousal.",
    "requires": [""],
    "requiresEvent": [
        {
            "NameOfEvent": "",
            "Progress": "99",
            "Choice": "",
            "ChoiceNumber": "-1"
        }
    ],

    "perks": [""],
    "skills": [""],

    "hp": "15",
    "ep": "0",
    "sp": "0",

    "Exp": "0",
    "Power": "0",
    "Technique": "0",
    "Intelligence": "0",
    "Allure": "0",
    "Willpower": "0",
    "Luck": "0",

    "statusEffect": "0",
    "statusChance": "0",
    "statusPotency": "0",

    "BodySensitivity": {
        "Sex": "0",
        "Ass": "0",
        "Breasts": "0",
        "Mouth": "0",
        "Seduction": "0",
        "Magic": "0",
        "Pain": "0",
        "Holy": "0",
        "Unholy": "0"
    },

    "resistancesStatusEffects": {
        "Stun": "5",
        "Charm": "5",
        "Aphrodisiac": "5",
        "Restraints": "5",
        "Sleep": "5",
        "Trance": "5",
        "Paralysis": "5",
        "Debuff": "5"
    },

    "useOutcome": "",
    "useMiss": "",

    "onEquip": "",
    "onUnequip": ""
}
