{
    "name": "Arnea's charm of protection",
    "itemType": "Accessory",
    "cost": "0",
    "descrip": "A charm made by Arnea to help you on your journey. It consists of a small pouch containing some Elkar seeds thta offer some protection, one of Arnea's ribbons is neatly tied around the pouch keeping it secure and has also been bleesed with Arnea's words. It still faintly smells of herbs, which reminds you of Arnea. Grants an extra +25 to max arousal and +15 Willpower.",
    "requires": [""],
    "requiresEvent": [
        {
            "NameOfEvent": "",
            "Progress": "99",
            "Choice": "",
            "ChoiceNumber": "-1"
        }
    ],

    "perks": [""],
    "skills": [""],

    "hp": "25",
    "ep": "0",
    "sp": "0",

    "Exp": "0",
    "Power": "0",
    "Technique": "0",
    "Intelligence": "0",
    "Allure": "0",
    "Willpower": "15",
    "Luck": "0",

    "statusEffect": "0",
    "statusChance": "0",
    "statusPotency": "0",

    "BodySensitivity": {
        "Sex": "0",
        "Ass": "0",
        "Breasts": "0",
        "Mouth": "0",
        "Seduction": "0",
        "Magic": "0",
        "Pain": "0",
        "Holy": "0",
        "Unholy": "0"
    },

    "resistancesStatusEffects": {
        "Stun": "0",
        "Charm": "0",
        "Aphrodisiac": "0",
        "Restraints": "0",
        "Sleep": "0",
        "Trance": "0",
        "Paralysis": "0",
        "Debuff": "0"
    },

    "useOutcome": "",
    "useMiss": "",

    "onEquip": "",
    "onUnequip": ""
}
