{
    "name": "Crested melon",
    "itemType": "Consumable",
    "cost": "1000",
    "requires": [ ""],
    "requiresEvent": [
                        {
                          "NameOfEvent": "",
                          "Progress": "-99",
                          "ChoiceNumber": "-1",
                          "Choice": ""
                        }
                      ],
    "descrip": "A large, green, oval melon that has an orange band going around it. Due to its high nutrient count, eating it restores your energy by 70 and lowers arousal by 70. Tasty!",
    "perks": [ ""],
    "skills": ["UseableItem" ],

    "hp": "70",
    "ep": "70",
    "sp": "0",

    "Exp": "0",
    "Power": "0",
    "Technique": "0",
    "Intelligence": "0",
    "Allure": "0",
    "Willpower": "0",
    "Luck": "0",

    "statusEffect": "",
    "statusChance": "0",
    "statusPotency": "0",

    "BodySensitivity": { "Sex": "0",
              "Ass": "0",
              "Breasts": "0",
              "Mouth": "0",
              "Seduction": "0",
              "Magic": "0",
              "Pain": "0",
              "Holy": "0",
              "Unholy": "0"
    },

    "resistancesStatusEffects": {
              "Stun": "0",
              "Charm": "0",
              "Aphrodisiac": "0",
              "Restraints": "0",
              "Sleep": "0",
              "Trance": "0",
              "Paralysis": "0",
              "Debuff": "0"
    },


    "useOutcome": "You take a bite out of the Crested melon as some juice drips down your chin. You feel pretty refreshed and relaxed after that delightful treat.",
    "useMiss": "",

    "onEquip": "",
    "onUnequip": ""

}
