{
    "name": "Crisp grapes",
    "itemType": "Consumable",
    "cost": "500",
    "requires": [ ""],
    "requiresEvent": [
                        {
                          "NameOfEvent": "",
                          "Progress": "-99",
                          "ChoiceNumber": "-1",
                          "Choice": ""
                        }
                      ],
    "descrip": "A bunch of crimson coloured Crisp grapes, they dont provide much energy on their own, but mix them with other ingredients or make them into a wine and the taste is truly unmatched. Restores 15 energy on use.",
    "perks": [ ""],
    "skills": ["UseableItem" ],

    "hp": "0",
    "ep": "15",
    "sp": "0",

    "Exp": "0",
    "Power": "0",
    "Technique": "0",
    "Intelligence": "0",
    "Allure": "0",
    "Willpower": "0",
    "Luck": "0",

    "statusEffect": "",
    "statusChance": "0",
    "statusPotency": "0",

    "BodySensitivity": { "Sex": "0",
              "Ass": "0",
              "Breasts": "0",
              "Mouth": "0",
              "Seduction": "0",
              "Magic": "0",
              "Pain": "0",
              "Holy": "0",
              "Unholy": "0"
    },

    "resistancesStatusEffects": {
              "Stun": "0",
              "Charm": "0",
              "Aphrodisiac": "0",
              "Restraints": "0",
              "Sleep": "0",
              "Trance": "0",
              "Paralysis": "0",
              "Debuff": "0"
    },


    "useOutcome": "You eat soem Crisp grapes as a sweet flavour causes your cheeks to tingle a little. They did not provide much energy, but at least they tasted amazing.",
    "useMiss": "",

    "onEquip": "",
    "onUnequip": ""

}
