{
    "name": "Hearty tomatoe",
    "itemType": "Consumable",
    "cost": "300",
    "requires": [ ""],
    "requiresEvent": [
                        {
                          "NameOfEvent": "",
                          "Progress": "-99",
                          "ChoiceNumber": "-1",
                          "Choice": ""
                        }
                      ],
    "descrip": "A bright red tomatoe that has vein like ridges across its surface, biting into one of these will result in a flood of juice and flavours pouring out, providing a good source of refreshment and energy. Restores 35 arousal and 20 energy.",
    "perks": [ ""],
    "skills": ["UseableItem" ],

    "hp": "35",
    "ep": "20",
    "sp": "0",

    "Exp": "0",
    "Power": "0",
    "Technique": "0",
    "Intelligence": "0",
    "Allure": "0",
    "Willpower": "0",
    "Luck": "0",

    "statusEffect": "",
    "statusChance": "0",
    "statusPotency": "0",

    "BodySensitivity": { "Sex": "0",
              "Ass": "0",
              "Breasts": "0",
              "Mouth": "0",
              "Seduction": "0",
              "Magic": "0",
              "Pain": "0",
              "Holy": "0",
              "Unholy": "0"
    },

    "resistancesStatusEffects": {
              "Stun": "0",
              "Charm": "0",
              "Aphrodisiac": "0",
              "Restraints": "0",
              "Sleep": "0",
              "Trance": "0",
              "Paralysis": "0",
              "Debuff": "0"
    },


    "useOutcome": "",
    "useMiss": "",

    "onEquip": "",
    "onUnequip": ""

}
