{
    "name": "Succulent lemon",
    "itemType": "Consumable",
    "cost": "500",
    "requires": [ ""],
    "requiresEvent": [
                        {
                          "NameOfEvent": "",
                          "Progress": "-99",
                          "ChoiceNumber": "-1",
                          "Choice": ""
                        }
                      ],
    "descrip": "A bright yellow Succulent lemon, that has a slightly waxy skin. The sour taste alone is enough to wake you up and give you a short boost of energy. Restores 30 energy and cures sleep on use.",
    "perks": [ ""],
    "skills": ["UseableItem" ],

    "hp": "0",
    "ep": "30",
    "sp": "0",

    "Exp": "0",
    "Power": "0",
    "Technique": "0",
    "Intelligence": "0",
    "Allure": "0",
    "Willpower": "0",
    "Luck": "0",

    "statusEffect": "",
    "statusChance": "0",
    "statusPotency": "0",

    "BodySensitivity": { "Sex": "0",
              "Ass": "0",
              "Breasts": "0",
              "Mouth": "0",
              "Seduction": "0",
              "Magic": "0",
              "Pain": "0",
              "Holy": "0",
              "Unholy": "0"
    },

    "resistancesStatusEffects": {
              "Stun": "0",
              "Charm": "0",
              "Aphrodisiac": "0",
              "Restraints": "0",
              "Sleep": "0",
              "Trance": "0",
              "Paralysis": "0",
              "Debuff": "0"
    },


    "useOutcome": "As you take a bite of the Succulent lemon, your cheeks and tongue tingle as you drink the sour juice. You feel slighty energized and more awake now.",
    "useMiss": "",

    "onEquip": "",
    "onUnequip": ""

}
