{
    "name": "Comforting cradle",
    "cost": "0",
    "costType": "ep",
    "requiredLevel": "0",
    "learningCost": "0",
    "skillType": "attack",
    "statType": "Technique",
    "requiredStat": "0",
    "skillTags": [ "Seduction"],
    "fetishTags": [ "Breasts"],
    "startsStance": "",
    "requiresStance": "Nursing",
    "unusableIfStance": [ "Sex", "Anal", "Thighjob"],
    "requiresTargetStance": [ "Any"],
    "unusableIfTarget": [ ""],
    "removesStance": "None",
    "requiresStatusEffect": "None",
    "requiresStatusPotency": "0",
    "unusableIfStatusEffect": [ "Sleep"],
    "power": "25",
    "minRange": "90",
    "maxRange": "110",
    "recoil": "0",
    "targetType": "single",
    "statusEffect": "Sleep",
    "statusChance": "100",
    "statusDuration": "8",
    "statusPotency": "5",
    "statusResistedBy": "Willpower",
    "statusText": "",
    "descrip": "",
    "outcome": "Arnea slowly runs her fingers through your hair and rocks your head making it easier for you to suckle on her erect nipple, while you feel yourself relaxing into a sweet, comforting nap.",
    "miss": "Arnea slowly runs her fingers through your hair and tries to rock your head, but you manage to shrug her hand off!",
    "statusOutcome": "Arnea's gentle, slow rocking is putting you into a comforting nap as you continue to suckle on her nipple...",
    "statusMiss": "",
    "restraintStruggle": "",
    "restraintStruggleCharmed": "",
    "restraintEscaped": "",
    "restraintEscapedFail": ""
}
