{
    "name": "Nursing tip tickling",
    "cost": "0",
    "costType": "ep",
    "requiredLevel": "0",
    "learningCost": "0",
    "skillType": "attack",
    "statType": "Technique",
    "requiredStat": "0",
    "skillTags": [ "Seduction"],
    "fetishTags": [ "Breasts", "Cock"],
    "startsStance": "",
    "requiresStance": "Nursing",
    "unusableIfStance": [ "Sex", "Anal", "Thighjob"],
    "requiresTargetStance": [ "Any"],
    "unusableIfTarget": [ ""],
    "removesStance": "None",
    "requiresStatusEffect": "None",
    "requiresStatusPotency": "0",
    "unusableIfStatusEffect": [ "Sleep"],
    "power": "20",
    "minRange": "90",
    "maxRange": "110",
    "recoil": "0",
    "targetType": "single",
    "statusEffect": "None",
    "statusChance": "0",
    "statusDuration": "0",
    "statusPotency": "0",
    "statusResistedBy": "",
    "statusText": "",
    "descrip": "",
    "outcome": "Arnea places a finger onto the tip of your cock and softly tickles it while you continue to suckle on her dark erect nipples.",
    "miss": "Arnea places a finger onto the tip of your cock and tries to tickle it, but you manage to move your hips to the side, forcing her finger to slide off it!",
    "statusOutcome": "",
    "statusMiss": "",
    "restraintStruggle": "",
    "restraintStruggleCharmed": "",
    "restraintEscaped": "",
    "restraintEscapedFail": ""
}
