{
    "name": "Tender nursing pumping",
    "cost": "0",
    "costType": "ep",
    "requiredLevel": "0",
    "learningCost": "0",
    "skillType": "attack",
    "statType": "Technique",
    "requiredStat": "0",
    "skillTags": [ "Seduction"],
    "fetishTags": [ "Breasts", "Cock"],
    "startsStance": "",
    "requiresStance": "Nursing",
    "unusableIfStance": [ "Sex", "Anal", "Thighjob"],
    "requiresTargetStance": [ "Any"],
    "unusableIfTarget": [ ""],
    "removesStance": "None",
    "requiresStatusEffect": "None",
    "requiresStatusPotency": "0",
    "unusableIfStatusEffect": [ "Sleep"],
    "power": "15",
    "minRange": "90",
    "maxRange": "110",
    "recoil": "0",
    "targetType": "3Hits",
    "statusEffect": "None",
    "statusChance": "0",
    "statusDuration": "0",
    "statusPotency": "0",
    "statusResistedBy": "",
    "statusText": "",
    "descrip": "",
    "outcome": "Arnea places her hand around your erect shaft and softly pumps its length with a steady rhythm, adding in a few tender squeezes to add to the pleasure, all while you continue to suckle on her lovely erect nipple.",
    "miss": "Arnea places her hand around your erect shaft and softly pumps its length with a steady rhythm, but you manage to calm yourself and shrug off the pleasure!",
    "statusOutcome": "",
    "statusMiss": "",
    "restraintStruggle": "",
    "restraintStruggleCharmed": "",
    "restraintEscaped": "",
    "restraintEscapedFail": ""
}
