{
    "name": "Loving warmth",
    "cost": "0",
    "costType": "ep",
    "requiredLevel": "0",
    "learningCost": "0",
    "skillType": "attack",
    "statType": "Allure",
    "requiredStat": "0",
    "skillTags": [ "Seduction"],
    "fetishTags": [ "Cuddling"],
    "startsStance": "Cuddle",
    "requiresStance": "Any",
    "unusableIfStance": [ "Blowjob", "Face Sit", "Titfuck", "Nursing", "Penetration", "Making Out"],
    "requiresTargetStance": [ "Any"],
    "unusableIfTarget": [ "Tailjob", "Footjob"],
    "removesStance": "None",
    "requiresStatusEffect": "None",
    "requiresStatusPotency": "0",
    "unusableIfStatusEffect": [ "None"],
    "power": "15",
    "minRange": "90",
    "maxRange": "110",
    "recoil": "0",
    "targetType": "single",
    "statusEffect": "",
    "statusChance": "999",
    "statusDuration": "0",
    "statusPotency": "10",
    "statusResistedBy": "Technique",
    "statusText": "",
    "descrip": "",
    "outcome": "Arnea opens her arms as she walks towards you, then before you can even react, she quickly wraps her arms and legs around you causing you to fall to the floor. Pulling you in nice and close, Arnea locks you in a loving cuddle as you helplessly lie there.",
    "miss": "Arnea opens her arms as she walks towards you, however, you pre-emptively move to the side and avoid her cuddle tackle!",
    "statusOutcome": "",
    "statusMiss": "",
    "restraintStruggle": "",
    "restraintStruggleCharmed": "",
    "restraintEscaped": "",
    "restraintEscapedFail": ""
}
