{
    "name": "Cervix kiss",
    "cost": "5",
    "costType": "ep",
    "requiredLevel": "0",
    "learningCost": "0",
    "skillType": "attack",
    "statType": "Technique",
    "requiredStat": "7",
    "skillTags": [ "Sex", "Cock"],
    "fetishTags": [ "Sex"],
    "startsStance": "",
    "requiresStance": "Sex",
    "unusableIfStance": [ "Titfuck", "Blowjob", "Making Out", "Breast Smother"],
    "requiresTargetStance": [ "Sex"],
    "unusableIfTarget": [ "Anal"],
    "removesStance": "None",
    "requiresStatusEffect": "None",
    "requiresStatusPotency": "0",
    "unusableIfStatusEffect": [ "None"],
    "power": "40",
    "minRange": "90",
    "maxRange": "110",
    "recoil": "5",
    "targetType": "single",
    "statusEffect": "",
    "statusChance": "0",
    "statusDuration": "0",
    "statusPotency": "0",
    "statusResistedBy": "Willpower",
    "statusText": "",
    "descrip": "",
    "outcome": "Arnea takes your entire length into her [SexAdjective] [SexWord] as it snugly rests inside, before softly kissing and sucking the tip of your cock with her cervix, sending delightful waves through your manhood as you melt in pure pleasure.",
    "miss": "Your cock snuggly rests in Arnea's [SexAdjective] [SexWord] as her cervix tries to kiss the tip of your cock, but you manage to narrowly avoid it!",
    "statusOutcome": "",
    "statusMiss": "",
    "restraintStruggle": "",
    "restraintStruggleCharmed": "",
    "restraintEscaped": "",
    "restraintEscapedFail": ""
}
