{
    "name": "Comforting warmth",
    "cost": "5",
    "costType": "ep",
    "requiredLevel": "0",
    "learningCost": "0",
    "skillType": "attack",
    "statType": "Technique",
    "requiredStat": "0",
    "skillTags": [ "Sex", "Cock"],
    "fetishTags": [ "Sex"],
    "startsStance": "",
    "requiresStance": "Penetration",
    "unusableIfStance": [ "Blowjob"],
    "requiresTargetStance": [ "Penetration"],
    "unusableIfTarget": [ ""],
    "removesStance": "None",
    "requiresStatusEffect": "None",
    "requiresStatusPotency": "0",
    "unusableIfStatusEffect": [ "None"],
    "power": "30",
    "minRange": "90",
    "maxRange": "110",
    "recoil": "5",
    "targetType": "single",
    "statusEffect": "none",
    "statusChance": "0",
    "statusDuration": "0",
    "statusPotency": "0",
    "statusResistedBy": "",
    "statusText": "",
    "descrip": "",
    "outcome": "Arnea softly tightens her [SexAdjective] [SexWord] around your length, forcing every little bit of flesh to rub against your swelling manhood.",
    "miss": "Arnea softly tightens her [SexAdjective] [SexWord] around your length, but you manage to resist the comforting pleasure!",
    "statusOutcome": "",
    "statusMiss": "",
    "restraintStruggle": "",
    "restraintStruggleCharmed": "",
    "restraintEscaped": "",
    "restraintEscapedFail": ""
}
