{
    "name": "Elven invite",
    "cost": "0",
    "costType": "ep",
    "requiredLevel": "0",
    "learningCost": "0",
    "skillType": "attack",
    "statType": "Technique",
    "requiredStat": "0",
    "skillTags": [ "Sex"],
    "fetishTags": [ "Sex", "Cock"],
    "startsStance": "Sex",
    "requiresStance": "Any",
    "unusableIfStance": [ "Blowjob", "Penetration", "Face Sit", "Titfuck", "Nursing"],
    "requiresTargetStance": [ "Any"],
    "unusableIfTarget": [ "Penetration", "Tailjob", "Footjob"],
    "removesStance": "None",
    "requiresStatusEffect": "None",
    "requiresStatusPotency": "0",
    "unusableIfStatusEffect": [ "None"],
    "power": "20",
    "minRange": "90",
    "maxRange": "110",
    "recoil": "5",
    "targetType": "single",
    "statusEffect": "none",
    "statusChance": "0",
    "statusDuration": "0",
    "statusPotency": "0",
    "statusResistedBy": "",
    "statusText": "",
    "descrip": "Fuck! Just don't get carried away.",
    "outcome": "Arnea lines her dripping pussy up against your towering cock and in a single smooth movement, she drops her hips, swallowing your cock whole as intense heat and sickly pleasure washes over the two of you.",
    "miss": "Arnea tries to slide your erect cock inside of her dripping pussy, but you manage to avoid her!",
    "statusOutcome": "",
    "statusMiss": "",
    "restraintStruggle": "",
    "restraintStruggleCharmed": "",
    "restraintEscaped": "",
    "restraintEscapedFail": ""
}
