{
    "name": "Hip wiggle",
    "cost": "5",
    "costType": "ep",
    "requiredLevel": "0",
    "learningCost": "0",
    "skillType": "attack",
    "statType": "Technique",
    "requiredStat": "0",
    "skillTags": [ "Sex", "Cock"],
    "fetishTags": [ "Sex"],
    "startsStance": "",
    "requiresStance": "Penetration",
    "unusableIfStance": [ "Blowjob"],
    "requiresTargetStance": [ "Penetration"],
    "unusableIfTarget": [ ""],
    "removesStance": "None",
    "requiresStatusEffect": "None",
    "requiresStatusPotency": "0",
    "unusableIfStatusEffect": [ "None"],
    "power": "35",
    "minRange": "90",
    "maxRange": "110",
    "recoil": "5",
    "targetType": "single",
    "statusEffect": "none",
    "statusChance": "0",
    "statusDuration": "0",
    "statusPotency": "0",
    "statusResistedBy": "",
    "statusText": "",
    "descrip": "",
    "outcome": "Arnea softly wiggles her hips from side to side as your cock is caressed in her [SexAdjective] [SexWord], each movement forcing your cock to hit a different point as you shudder in bliss.",
    "miss": "Arnea softly wiggles her hips from side to side as your cock is caressed in her [SexAdjective] [SexWord], but you manage to grit your teeth and endure the pleasure!",
    "statusOutcome": "",
    "statusMiss": "",
    "restraintStruggle": "",
    "restraintStruggleCharmed": "",
    "restraintEscaped": "",
    "restraintEscapedFail": ""
}
