{
    "name": "Sticky massage",
    "cost": "5",
    "costType": "ep",
    "requiredLevel": "0",
    "learningCost": "0",
    "skillType": "attack",
    "statType": "Technique",
    "requiredStat": "7",
    "skillTags": [ "Sex", "Cock"],
    "fetishTags": [ "Sex"],
    "startsStance": "",
    "requiresStance": "Sex",
    "unusableIfStance": [ "Titfuck", "Blowjob", "Making Out", "Breast Smother"],
    "requiresTargetStance": [ "Sex"],
    "unusableIfTarget": [ "Anal"],
    "removesStance": "None",
    "requiresStatusEffect": "None",
    "requiresStatusPotency": "0",
    "unusableIfStatusEffect": [ "None"],
    "power": "50",
    "minRange": "90",
    "maxRange": "110",
    "recoil": "5",
    "targetType": "single",
    "statusEffect": "Charm",
    "statusChance": "45",
    "statusDuration": "3",
    "statusPotency": "45",
    "statusResistedBy": "Willpower",
    "statusText": "",
    "descrip": "",
    "outcome": "Arnea's [SexAdjective] [SexWord] gently sucks on your manhood in a wavelike motion, as her soft, sticky flesh rubs across your entire length forcing you to whimper in pure bliss.",
    "miss": "Arnea's [SexAdjective] [SexWord] gently sucks on your manhood in a wavelike motion, gritting your teeth, you manage to shrug off the sickly delight!",
    "statusOutcome": "Your body simply melts in pleasure from Arnea's sticky touch, leaving you in a charmed state!",
    "statusMiss": "",
    "restraintStruggle": "",
    "restraintStruggleCharmed": "",
    "restraintEscaped": "",
    "restraintEscapedFail": ""
}
