{
    "name": "Gentle wet ride",
    "cost": "0",
    "costType": "ep",
    "requiredLevel": "0",
    "learningCost": "0",
    "skillType": "attack",
    "statType": "Technique",
    "requiredStat": "0",
    "skillTags": [ "Mouth"],
    "fetishTags": [ "Ass"],
    "startsStance": "",
    "requiresStance": "Face Sit",
    "unusableIfStance": [ "Penetration", "Making Out"],
    "requiresTargetStance": [ "Any"],
    "unusableIfTarget": [ "Making Out"],
    "removesStance": "None",
    "requiresStatusEffect": "None",
    "requiresStatusPotency": "0",
    "unusableIfStatusEffect": [ "None"],
    "power": "20",
    "minRange": "90",
    "maxRange": "110",
    "recoil": "10",
    "targetType": "3Hits",
    "statusEffect": "Aphrodisiac",
    "statusChance": "45",
    "statusDuration": "5",
    "statusPotency": "10",
    "statusResistedBy": "Willpower",
    "statusText": "",
    "descrip": "",
    "outcome": "Arnea gently grinds her rear on your face, while you happily lick her exquisite pink pussy clean with your tongue.",
    "miss": "Arnea gently grinds her rear on your face, but you resist the urge to lick her inviting, wet pussy!",
    "statusOutcome": "Arnea's sticky fluids fill your tastebuds as you find yourself wanting to drink more!",
    "statusMiss": "",
    "restraintStruggle": "",
    "restraintStruggleCharmed": "",
    "restraintEscaped": "",
    "restraintEscapedFail": ""
}
