{
    "FetishList": [
        {
            "Name": "Cuddling",
            "BaseLevel": "0",
            "Type": "Fetish",
            "CreationOn": "Somebody enjoys skin to skin contact and warmth. Hopefully, nobody would stoop to such methods.",
            "CreationOff": "A safe choice, you are supposed to be fighting not cuddling after all.",
            "ToolTip": "How much you love cuddling with people. Only has uses in The Moaning Forest Mod. \n\nVerdict: ",
            "LevelText": [
              ["0", "What's the deal with cuddling?"],
              ["25", "You have started to understand why cuddling is so nice..."],
              ["50", "The warmth and softness of another body touching yours becomes ever more desired."],
              ["75", "Your body aches as it desires to be entwined with someone."],
              ["100", "Just the thought of cuddling with someone sends delightful waves down your spine. Even your Inn room pillow is looking more and more appealing..."]
            ]
        }
    ]
}
