{
    "name": "Loving nipple tease",
    "cost": "0",
    "costType": "ep",
    "requiredLevel": "0",
    "learningCost": "0",
    "skillType": "attack",
    "statType": "Technique",
    "requiredStat": "0",
    "skillTags": [ "Breasts"],
    "fetishTags": [ "Oral"],
    "startsStance": "",
    "requiresStance": "Any",
    "unusableIfStance": [ ""],
    "requiresTargetStance": [ "Any"],
    "unusableIfTarget": ["Titfuck", "Footjob", "Thighjob", "Face Sit"],
    "removesStance": "None",
    "requiresStatusEffect": "None",
    "requiresStatusPotency": "0",
    "unusableIfStatusEffect": [ "Sleep"],
    "power": "30",
    "minRange": "90",
    "maxRange": "110",
    "recoil": "0",
    "targetType": "single",
    "statusEffect": "None",
    "statusChance": "0",
    "statusDuration": "0",
    "statusPotency": "0",
    "statusResistedBy": "",
    "statusText": "",
    "descrip": "Stroke your opponents cock.",
    "outcome": "Arnea grabs one of your nipples between her thumb and index finger and lightly pulls on it, sending warm waves of delight through your chest.",
    "miss": "Arnea attempts to tease one of your nipples, but you manage to keep your distance from her!",
    "statusOutcome": "",
    "statusMiss": "",
    "restraintStruggle": "",
    "restraintStruggleCharmed": "",
    "restraintEscaped": "",
    "restraintEscapedFail": ""
}
