{
    "name": "Nipple delight",
    "cost": "0",
    "costType": "ep",
    "requiredLevel": "0",
    "learningCost": "0",
    "skillType": "attack",
    "statType": "Technique",
    "requiredStat": "0",
    "skillTags": [ "Breasts"],
    "fetishTags": [ "Oral"],
    "startsStance": "",
    "requiresStance": "Any",
    "unusableIfStance": [ ""],
    "requiresTargetStance": [ "Any"],
    "unusableIfTarget": ["Titfuck", "Footjob", "Thighjob", "Face Sit", "Blowjob", "Making Out"],
    "removesStance": "None",
    "requiresStatusEffect": "None",
    "requiresStatusPotency": "0",
    "unusableIfStatusEffect": [ "Sleep"],
    "power": "20",
    "minRange": "90",
    "maxRange": "110",
    "recoil": "0",
    "targetType": "3Hits",
    "statusEffect": "None",
    "statusChance": "0",
    "statusDuration": "0",
    "statusPotency": "0",
    "statusResistedBy": "",
    "statusText": "",
    "descrip": "Stroke your opponents cock.",
    "outcome": "Pressing her lips against your nipple, Arnea lightly licks it with her tongue before giving it a few playful nibbles with her front teeth, and to finish things off she gives it a soft kiss before pulling away from you with a playful look on her face.",
    "miss": "Arnea attempts to indulge in your nipple, however, you manage to keep your chest out of her reach!",
    "statusOutcome": "",
    "statusMiss": "",
    "restraintStruggle": "",
    "restraintStruggleCharmed": "",
    "restraintEscaped": "",
    "restraintEscapedFail": ""
}
