{
    "name": "Produce collection",
    "CardType": "Event",
    "CardLimit": "0",
    "Description": "Vivian has asked you to go to a specific place within the Mystic foest to collect some ingredients, hopefully, nothing goes wrong...",
    "requires": [ "Job Report"],
    "requiresEvent": [
                        {
                          "NameOfEvent": "",
                          "Progress": "-99",
                          "ChoiceNumber": "-1",
                          "Choice": ""
                        }
                      ],
    "Speakers": [
      {
        "name": "Arnea",
        "postName": "",
        "SpeakerType": "Monster"
      },
      {
        "name": "???",
        "postName": "",
        "SpeakerType": "?"
      }

                ],
    "EventText": [
                    {
                        "NameOfScene": "EventStart",
                        "theScene": [
                                       "GetEventAndIfChoice", "Viviansquest", "4", "Vivianscoldtalk2", "Apologyrun2",
                                       "IfChoice", "5", "Denyher", "revisit",
                                       "JumpToScene",
                                       "Startintro"
                                  ]
                    },
                    {
                        "NameOfScene": "Startintro",
                        "theScene": [
                                       "After making your way through the forest, you arrive at the spot mentioned in the report. A small wooden shack greets you. However, you do not see anybody around. Wondering what to do next, you stand there for a moment.",
                                       "Menu",
                                         "'Hello!'",
                                         "Look around some more.",
                                         "EndLoop"
                                  ]
                    },
                    {
                        "NameOfScene": "'Hello!'",
                        "theScene": [
                                       "SetChoice", "1", "Callout",
                                       "...No response, guess you are alone. With that, you decide to look around for the produce you are supposed to be collecting.",
                                       "You quickly notice a wide variety of crops growing behind the shack. Seeing as they match the description on the report, you conclude these are the crops you are after.",
                                       "JumpToScene",
                                       "Backgarden"
                                  ]
                    },
                    {
                        "NameOfScene": "Look around some more.",
                        "theScene": [
                                       "Looking around, you notice a bunch of crops growing at the back of the shack which matches the description on the job report.",
                                       "JumpToScene",
                                       "Backgarden"
                                  ]
                    },

                    {
                        "NameOfScene": "Backgarden",
                        "theScene": [
                                       "As you make your way to the back garden, you can't help but notice how healthy and well looked after the crops look. It is difficult to not feel hungry looking at them.",
                                       "Placing your bag on the ground, you begin to pick the vegetables... However, a woman's voice stops you in your tracks.",
                                       "Speaks2",
                                       "H-h-hey what a-are you d-doing... with m-my crops...?!",
                                       "A little startled, you look up and see a rather beautiful elf who stands in a somewhat scared pose. She has dark, long, silky looking hair that is tied up with a ribbon. A somewhat slender figure, yet you can tell she has curves through her sweater. But her most defining feature are her long, pointy ears, which keep twitching.",
                                       "DisplayCharacters",
                                       "1",
                                       "EndLoop",
                                       "ChangeBGM", "music/Relaxing/Purple Planet Music - Gentle - Eastern Karma (2_16).mp3",
                                       "ChangeImageLayer", "Expression", "1", "ClothedBlush",
                                       "Speaks2",
                                       "A-are you here to s-steal them...?",
                                       "Menu",
                                         "'Who are you?'",
                                         "RequiresChoice", "1", "Callout", "'I called out, but no one answered.'",
                                         "'Your crops?'",
                                         "EndLoop"
                                  ]
                    },

                    {
                        "NameOfScene": "'Who are you?'",
                        "theScene": [
                                       "ChangeImageLayer", "Expression", "1", "ClothedShock",
                                       "Speaks2",
                                       "M-m-me...? This i-is my house... and those c-crops are mine as w-well.",
                                       "A little confused about the current situation. You decide it would be best to try and clear things up with her.",
                                       "Menu",
                                         "'I'm sorry!'",
                                         "'I think there has been a misunderstanding!'",
                                         "EndLoop"
                                  ]
                    },

                    {
                        "NameOfScene": "'I called out, but no one answered.'",
                        "theScene": [
                                       "ChangeImageLayer", "Expression", "1", "ClothedShock",
                                       "Speaks2",
                                       "Y-you d-id?! I never h-heard anything...",
                                       "You tell her you shouted out a few minutes ago to see if anyone was around, but nobody answered.",
                                       "ChangeImageLayer", "Expression", "1", "ClothedLewd",
                                       "Speaks2",
                                       "I-I only just g-got home, I-I must have mi-missed you...",
                                       "She avoids making eye contact with you, still confused about the current situation. You decide it would be best to clear things up with her.",
                                       "Menu",
                                         "'I'm sorry!'",
                                         "'I think there has been a misunderstanding!'",
                                         "EndLoop"
                                  ]
                    },

                    {
                        "NameOfScene": "'Your crops?'",
                        "theScene": [
                                       "ChangeImageLayer", "Expression", "1", "ClothedLewd",
                                       "Speaks2",
                                       "O-of course they a-are... they are n-next to my house.",
                                       "She looks to the side as she fidgets about as you decide it would be a good idea to clear things up with her.",
                                       "Menu",
                                         "'I'm sorry!'",
                                         "'I think there has been a misunderstanding!'",
                                         "EndLoop"
                                  ]
                    },

                    {
                        "NameOfScene": "'I'm sorry!'",
                        "theScene": [
                                       "ChangeImageLayer", "Expression", "1", "ClothedShockHorny",
                                       "Speaks2",
                                       "W-w-wah! I'm a l-little confused...",
                                       "The elf girl looks a little flustered as you apologize to her, no doubt waiting for you to explain yourself. You begin to tell her the reason you are here, as she slowly begins to calm down from your explanation.",
                                       "ChangeImageLayer", "Expression", "1", "ClothedLewd",
                                       "Speaks2",
                                       "I-I see... you were s-sent here on a j-job... and this i-is a misunderstanding...",
                                       "She is calmer than before, but she is still fidgeting about as her ears droop down.",
                                       "JumpToScene",
                                       "ArneaIntroduction"
                                  ]
                    },

                    {
                        "NameOfScene": "'I think there has been a misunderstanding!'",
                        "theScene": [
                                       "You quickly begin to explain to her that you are here on a job, and even show her the job report as proof. She hesitantly looks at the report before calming down a little bit, her ears drooping down as well.",
                                       "ChangeImageLayer", "Expression", "1", "ClothedLewd",
                                       "Speaks2",
                                       "I-I see... I got a l-little hasty there...",
                                       "JumpToScene",
                                       "ArneaIntroduction"
                                  ]
                    },

                    {
                        "NameOfScene": "ArneaIntroduction",
                        "theScene": [
                                       "ChangeImageLayer", "Expression", "1", "ClothedSad",
                                       "Speaks2",
                                       "I-I-I I'm s-so sorry...!",
                                       "The elf girl begins to cry before bowing her head down to you. Just as you feared, this job has become a lot more problematic.",
                                       "Speaks2",
                                       "I-I thought y-you were stealing m-my crops... s-so I s-stepped in...",
                                       "You try to calm her down a little by talking about something else.",
                                       "Menu",
                                         "Ask for her name.",
                                         "Comment on her crops.",
                                         "EndLoop"
                                  ]
                    },

                    {
                        "NameOfScene": "ArneaTalkMenu1",
                        "theScene": [
                                       "Menu",
                                         "Ask for her name.",
                                         "Comment on her crops.",
                                         "EndLoop"
                                  ]
                    },

                    {
                        "NameOfScene": "Ask for her name.",
                        "theScene": [
                                       "IfChoice", "1", "Askforname", "Reapeatactionname",
                                       "SetChoice", "1", "Askforname",
                                       "ChangeProgress", "1",
                                       "You give the elf girl your name, before asking if she could give you hers. She seems a little surprised at your sudden request, but decides to tell you her name after a moment.",
                                       "ChangeImageLayer", "Expression", "1", "ClothedLewd",
                                       "Speaks",
                                       "[ThePlayerName]... T-that's a nice n-name... I'm Arnea.",
                                       "Menu",
                                         "'That's a cute name!'",
                                         "'Nice to meet you, Arnea!'",
                                         "EndLoop"
                                  ]
                    },

                    {
                        "NameOfScene": "'That's a cute name!'",
                        "theScene": [
                                       "ChangeImageLayer", "Expression", "1", "ClothedShockHorny",
                                       "Speaks",
                                       "W-w-waa! You t-think so...",
                                       "Arnea's cheeks turn a deep red at your compliment as her ears wiggle about.",
                                       "ChangeImageLayer", "Expression", "1", "ClothedLewd",
                                       "Speaks",
                                       "T-th__k... y-y_u...",
                                       "Arnea whispers something under her breath that you don't fully catch, but she seems to be in a happier mood now.",
                                       "IfProgressEqualsOrGreater", "2", "Arneaproposal",
                                       "JumpToScene",
                                       "ArneaTalkMenu1"
                                  ]
                    },
                    {
                       "NameOfScene": "'Nice to meet you, Arnea!'",
                       "theScene": [
                                      "ChangeImageLayer", "Expression", "1", "ClothedBlush",
                                      "Speaks",
                                      "L-likewise [ThePlayerName]...",
                                      "Arnea looks a little calmer now that the two of you know each others names.",
                                      "IfProgressEqualsOrGreater", "2", "Arneaproposal",
                                      "JumpToScene",
                                      "ArneaTalkMenu1"
                                 ]
                   },
                   {
                        "NameOfScene": "Reapeatactionname",
                        "theScene": [
                                       "You have already asked her for her name.",
                                       "JumpToScene",
                                       "ArneaTalkMenu1"
                                  ]
                    },
                    {
                        "NameOfScene": "Comment on her crops.",
                        "theScene": [
                                        "IfChoice", "2", "Commentoncrops", "Repeatactioncrop",
                                        "IfChoice", "1", "Askforname", "Cropknowname",
                                        "SetChoice", "2", "Commentoncrops",
                                        "ChangeProgress", "1",
                                        "ChangeImageLayer", "Expression", "1", "ClothedBlush",
                                        "Speaks2",
                                        "M-my crops...?",
                                        "You nod your head and comment on how healthy they look. The elf girl blushes a little bit, swaying from side to side as her ears perk up from your compliment.",
                                        "ChangeImageLayer", "Expression", "1", "ClothedHappy",
                                        "Speaks2",
                                        "I'm happy y-you noticed... I put a l-lot of time and effort into growing them...",
                                        "ChangeImageLayer", "Expression", "1", "ClothedBlush",
                                        "Speaks2",
                                        "Making sure t-they have the right amount of water and n-nutrition is tough.",
                                        "She wears a proud smile on her face as she talks about her crops. She seems to have calmed down a fair bit now.",
                                        "IfProgressEqualsOrGreater", "2", "Arneaproposal",
                                        "JumpToScene",
                                        "ArneaTalkMenu1"
                                  ]
                    },
                    {
                        "NameOfScene": "Cropknowname",
                        "theScene": [
                                       "SetChoice", "2", "Commentoncrops",
                                       "ChangeProgress", "1",
                                       "ChangeImageLayer", "Expression", "1", "ClothedBlush",
                                       "Speaks",
                                       "M-my crops...?",
                                       "You nod your head and comment on how healthy they look. Arnea blushes a little bit, swaying from side to side as her ears perk up from your compliment.",
                                       "ChangeImageLayer", "Expression", "1", "ClothedHappy",
                                       "Speaks",
                                       "I'm happy y-you noticed... I put a l-lot of time and effort into growing them...",
                                       "Speaks",
                                       "Making sure t-they have the right amount of water and n-nutrition is tough.",
                                       "Arnea wears a proud smile on her face as she talks about her crops. She seems to have calmed down a little bit more now.",
                                       "IfProgressEqualsOrGreater", "2", "Arneaproposal",
                                       "JumpToScene",
                                       "ArneaTalkMenu1"
                                  ]
                    },
                    {
                        "NameOfScene": "Repeatactioncrop",
                        "theScene": [
                                       "You have already asked her about her crops.",
                                       "JumpToScene",
                                       "ArneaTalkMenu1"
                                  ]
                    },
                    {
                        "NameOfScene": "Arneaproposal",
                        "theScene": [
                                       "After talking to Arnea for a little bit, she seems to have fully calmed down now, she's fidgeting about less and her ears are perking up.",
                                       "ChangeImageLayer", "Expression", "1", "ClothedBlush",
                                       "Speaks",
                                       "I'm sorry about before... and I'm sorry you got caught up in this as well... The other elves must have arranged this...",
                                       "ChangeImageLayer", "Expression", "1", "ClothedLewd",
                                       "Speaks",
                                       "T-they mean well... b-but... it's c-complicated...",
                                         "Menu",
                                           "'Do you not get along?'",
                                           "Don't pry.",
                                           "EndLoop"
                                  ]
                    },
                    {
                        "NameOfScene": "'Do you not get along?'",
                        "theScene": [
                                       "ChangeImageLayer", "Expression", "1", "ClothedSad",
                                       "Speaks",
                                       "W-well I... wouldn't s-say that... I-I mean...",
                                       "ChangeImageLayer", "Expression", "1", "ClothedLewd",
                                       "Speaks",
                                       "I-It's just... t-them and m-me...",
                                       "Noticing her discomfort, you feel it may be best to stop pressuring her on the matter.",
                                       "JumpToScene",
                                       "Arneafood"
                                  ]
                    },
                    {
                        "NameOfScene": "Don't pry.",
                        "theScene": [
                                       "You decide it would be best to not pry into this matter as she is already looking a little uncomfortable.",
                                       "JumpToScene",
                                       "Arneafood"
                                  ]
                    },
                    {
                        "NameOfScene": "Arneafood",
                        "theScene": [
                                       "ChangeImageLayer", "Expression", "1", "ClothedLewd",
                                       "Speaks",
                                       "I-I know it's not much but... I could make u-us some food to make up for all this... I-If you want of course.",
                                       "Arnea tightly holds onto her sweater as she waits for your answer.",
                                         "Menu",
                                         "'I would love to!'",
                                         "'I'm a little busy, maybe next time?'",
                                         "EndLoop"
                                  ]
                    },
                    {
                       "NameOfScene": "'I'm a little busy, maybe next time?'",
                       "theScene": [
                                      "SetChoice", "5", "Denyher",
                                      "ChangeImageLayer", "Expression", "1", "ClothedSad",
                                      "Speaks",
                                      "I-I see... it cannot be helped i-if you are busy.",
                                      "She looks a little sad as you turn her down.",
                                      "ChangeImageLayer", "Expression", "1", "ClothedBlush",
                                      "Speaks",
                                      "M-my offer still stands if you change y-your mind in the future...",
                                      "She gives you a slight smile as she sees you of. If you do change your mind, you should visit her again when you get the time. With that you make your way back to town.",
                                      "GoToTown"
                                 ]
                   },
                   {
                        "NameOfScene": "'I would love to!'",
                        "theScene": [
                                       "ChangeImageLayer", "Expression", "1", "ClothedBlush",
                                       "Speaks",
                                       "R-really?!",
                                       "ChangeImageLayer", "Expression", "1", "ClothedHappy",
                                       "Speaks",
                                       "I-I'm glad, just give me a moment to pick s-some vegetables then I'll whip us something up.",
                                       "Arnea happily walks over to the vegetable patch as she gently inspects each crop. You are not entirely sure as to what she is looking for, but you put your trust in her.",
                                       "After a few moments, Arnea stands up with her arms full of vegetables, as she awkwardly tries to move.",
                                         "Menu",
                                           "Offer to help her.",
                                           "Leave her be.",
                                           "EndLoop"
                                  ]
                    },
                    {
                        "NameOfScene": "Offer to help her.",
                        "theScene": [
                                       "Seeing her struggle a little bit, you decide to help her carry them.",
                                       "ChangeImageLayer", "Expression", "1", "ClothedBlush",
                                       "Speaks",
                                       "T-that's s-sweet of you...",
                                       "Arnea smiles a little bit as you take some of the vegetables off her hands. You are a little surprised at how heavy they are, as well as the fact Arnea was trying to carry these by herself.",
                                       "ChangeImageLayer", "Expression", "1", "ClothedLewd",
                                       "Speaks",
                                       "I'm supposed to be treating you to dinner...",
                                       "Vegetables in hand, the two of you make your way to the front door. Arnea opens the door for you, letting you inside.",
                                       "ChangeImageLayer", "Expression", "1", "ClothedBlush",
                                       "Speaks",
                                       "It's not much but... make yourself at home!",
                                       "ChangeBGM", "music/Forest/Elven-Sanctuary_loop.OGG",
                                       "The inside of her home consists of a single room, about the same size as your Inn room. In the center of the room sits a wooden table accompanied by four wooden chairs, whilst a large kitchen takes up most of the eastern wall. In the back, you notice another door, which you presume to be her bedroom as you do not see a bed in here.",
                                       "ChangeImageLayer", "Expression", "1", "ClothedBase",
                                       "Speaks",
                                       "You can p-place the vegetables down on the counter there.",
                                       "Following her instructions, you place the vegetables down on the counter and take a seat on one of the wooden chairs.",
                                       "ChangeImageLayer", "Expression", "1", "ClothedBlush",
                                       "Speaks",
                                       "Time to get started!",
                                       "With a determined look on her face, Arnea quickly begins to wash and prepare the vegetables. A part of you was going to offer her your help, but it seems you would only get in the way...",
                                       "It only takes her a few minutes and all of the vegetables have been chopped, and immediately after, she starts adding water to a large pot before bringing it to a boil.",
                                       "Menu",
                                         "'What are you making?'",
                                         "Stay silent",
                                         "EndLoop"
                                  ]
                    },
                    {
                        "NameOfScene": "Leave her be.",
                        "theScene": [
                                       "ChangeImageLayer", "Expression", "1", "ClothedPout",
                                       "Since she offered to make the food, you decide to let her handle everything. Arnea struggles a little bit as she slowly waddles towards the front door, seeing as her hands are full, you at least open the door for her. Arnea gives you a small smile before going inside and placing the vegetables down on the kitchen counter.",
                                       "ChangeImageLayer", "Expression", "1", "ClothedBlush",
                                       "Speaks",
                                       "It's not much but... make yourself at home!",
                                       "ChangeBGM", "music/Forest/Elven-Sanctuary_loop.OGG",
                                       "The inside of her home consists of a single room, about the same size as your Inn room. In the center of the room sits a wooden table accompanied by four wooden chairs, whilst a large kitchen takes up most of the eastern wall. In the back, you notice another door, which you presume to be her bedroom as you do not see a bed in here.",
                                       "With nothing to do you take a seat on one of the wooden chairs.",
                                       "ChangeImageLayer", "Expression", "1", "ClothedBase",
                                       "Speaks",
                                       "Time to get started!",
                                       "With a determined look on her face, Arnea quickly begins to wash and prepare the vegetables. A part of you was going to ask her for help, but it seems you would only get in the way...",
                                        "It only takes her a few minutes and all of the vegetables have been chopped, and immediately after, she starts adding water to a large pot before bringing it to a boil.",
                                       "Menu",
                                         "'What are you making?'",
                                         "Stay silent",
                                         "EndLoop"
                                  ]
                    },
                    {
                        "NameOfScene": "'What are you making?'",
                        "theScene": [
                                       "ChangeImageLayer", "Expression", "1", "ClothedHappy",
                                       "Speaks",
                                       "T-that's a secret! You'll have to wait and see...♪",
                                       "Seeing as she has no intention of spoiling the surprise, you decide to give up.",
                                       "JumpToScene",
                                       "Stay silent"
                                  ]
                    },
                    {
                        "NameOfScene": "Stay silent",
                        "theScene": [
                                       "ChangeImageLayer", "Expression", "1", "ClothedHappy",
                                       "Speaks",
                                       "Okay... time for the stock.",
                                       "Arnea pulls out a basket that contains a wide variety of herbs and flowers. Carefully checking each one, she adds a small selection to the pot before stirring it. Already, a fragrant smell is tickling your nose and making your stomach grumble.",
                                       "ChangeImageLayer", "Expression", "1", "ClothedBase",
                                       "Speaks",
                                       "Okay, now we wait for it to thicken up...",
                                       "Arnea walks over to the table before pulling up a chair and sitting down, and you decide to talk with her while you wait.",
                                       "JumpToScene",
                                       "ArneaCookingMenu2"
                                  ]
                    },
                    {
                         "NameOfScene": "ArneaCookingMenu2",
                         "theScene": [  "Menu",
                                         "'You seem rather skilled in cooking!'",
                                         "'Have you lived here long?'",
                                         "EndLoop"
                                   ]
                     },
                     {
                         "NameOfScene": "'You seem rather skilled in cooking!'",
                         "theScene": [
                                        "IfChoice", "1", "CookingTalkRepeat", "CookRepeatDialogue",
                                        "SetChoice", "1", "CookingTalkRepeat",
                                        "ChangeImageLayer", "Expression", "1", "ClothedBlush",
                                        "Speaks",
                                        "T-thank you... but compared to m-most people, I'm pretty average...",
                                        "If she considers this to be average, where does that leave you...",
                                        "ChangeImageLayer", "Expression", "1", "ClothedLewd",
                                        "Speaks",
                                        "T-though... I do love cooking. E-eating something delicious that you have put a lot of work into is a nice feeling.",
                                        "ChangeImageLayer", "Expression", "1", "ClothedHappy",
                                        "Speaks",
                                        "E-even more so when you use ingredients you grew yourself.♪",
                                        "ChangeProgress", "1",
                                        "IfProgressEqualsOrGreater", "4", "Stockdone",
                                        "JumpToScene",
                                        "ArneaCookingMenu2"
                                   ]
                     },
                     {
                         "NameOfScene": "'Have you lived here long?'",
                         "theScene": [
                                        "IfChoice", "2", "LivedHereTalkRepeat", "LivedHereRepeatDialogue",
                                        "SetChoice", "2", "LivedHereTalkRepeat",
                                        "ChangeImageLayer", "Expression", "1", "ClothedShock",
                                        "Speaks",
                                        "I-I have... though this is the first time I have had a guest, I'm s-still a little nervous.",
                                        "ChangeImageLayer", "Expression", "1", "ClothedLewd",
                                        "Speaks",
                                        "No doubt you have noticed that I'm not from around here...",
                                        "Arnea looks to the side looking a little sad. You did notice she looks different from the other elves from around here, the biggest difference being her long ears, which twitch based on her mood.",
                                        "ChangeImageLayer", "Expression", "1", "ClothedSad",
                                        "Speaks",
                                        "Most of the elves from my home town would make fun of my ears since they were much longer than normal, so I left the moment I could. It's why I distance myself from the other elves here... I know they are not the same and they mean well... It's just...",
                                        "Arnea plays with her hands as she looks down, her ears drooping down in response.",
                                        "Menu",
                                          "'I think your ears are pretty!'",
                                          "'Sounds like you have had a tough time.'",
                                          "EndLoop"
                                   ]
                     },
                     {
                        "NameOfScene": "'I think your ears are pretty!'",
                        "theScene": [
                                       "SetChoice", "15", "Complimentears",
                                       "ChangeImageLayer", "Expression", "1", "ClothedShockHorny",
                                       "Speaks",
                                       "W-w-w-what! Y-you actually... l-like them...?",
                                       "Arnea looks at you with wide eyes as her cheeks start to flush a deep red. She quickly buries her face in her hands while her ears are still twitching.",
                                       "ChangeImageLayer", "Expression", "1", "ClothedBlush",
                                       "Speaks",
                                       "T-that's... the f-first time anyone has said that... t-thank you...",
                                       "Even though Arnea continues to hide her face, you can tell she is smiling. She hides her face for a few more moments before finally moving her hands as she looks at you.",
                                       "ChangeImageLayer", "Expression", "1", "ClothedLewd",
                                       "Speaks",
                                       "I-I was a little w-worried they would weird you out...",
                                       "ChangeProgress", "1",
                                       "IfProgressEqualsOrGreater", "4", "Stockdone",
                                       "JumpToScene",
                                       "ArneaCookingMenu2"
                                  ]
                    },
                    {
                        "NameOfScene": "'Sounds like you have had a tough time.'",
                        "theScene": [
                                       "ChangeImageLayer", "Expression", "1", "ClothedBlush",
                                       "Speaks",
                                       "It has been t-tough... but I picked up two hobbies I love... and I got to meet you...",
                                       "ChangeImageLayer", "Expression", "1", "ClothedLewd",
                                       "Speaks",
                                       "You are the f-first person I can somewhat talk to... and I d-don't feel too nervous around you.",
                                       "She holds onto her sweater as she shyly looks to the side. She must get pretty lonely living here all by herself.",
                                       "ChangeImageLayer", "Expression", "1", "ClothedBlush",
                                       "Speaks",
                                       "I-I do sometimes talk to my crops though... t-that's a little weird... no?",
                                       "Menu",
                                         "'Not at all!'",
                                         "'I have seen stranger things in my time.'",
                                         "EndLoop"
                                  ]
                    },
                    {
                        "NameOfScene": "'Not at all!'",
                        "theScene": [
                                       "ChangeImageLayer", "Expression", "1", "ClothedHappy",
                                       "Speaks",
                                       "R-really? That makes me a l-little happy. They are good listeners... but terrible at holding a conversation.",
                                       "Arnea laughs a little as she hears how silly she must sound.",
                                       "ChangeImageLayer", "Expression", "1", "ClothedBlush",
                                       "Speaks",
                                       "I think the stock will be ready soon.",
                                       "ChangeProgress", "1",
                                       "IfProgressEqualsOrGreater", "4", "Stockdone",
                                       "JumpToScene",
                                       "ArneaCookingMenu2"
                                  ]
                    },
                    {
                        "NameOfScene": "'I have seen stranger things in my time.'",
                        "theScene": [
                                       "ChangeImageLayer", "Expression", "1", "ClothedShock",
                                       "Speaks",
                                       "T-truly?! I would like to hear about them in the future... I-if you don't mind that is. I'm sure y-you have seen many things out there.♪",
                                       "ChangeImageLayer", "Expression", "1", "ClothedHappy",
                                       "Speaks",
                                       "I-I should be careful... the stock will burn if I keep going on...",
                                       "ChangeProgress", "1",
                                       "IfProgressEqualsOrGreater", "4", "Stockdone",
                                       "JumpToScene",
                                       "ArneaCookingMenu2"
                                  ]
                    },
                     {
                         "NameOfScene": "CookRepeatDialogue",
                         "theScene": [
                                         "You have already asked her about her cooking skill.",
                                         "JumpToScene",
                                         "ArneaCookingMenu2"
                         ]
                     },
                     {
                         "NameOfScene": "LivedHereRepeatDialogue",
                         "theScene": [
                                        "You have already asked about how long she has lived here.",
                                        "JumpToScene",
                                        "ArneaCookingMenu2"
                         ]
                     },
                     {
                        "NameOfScene": "Stockdone",
                        "theScene": [
                                       "ChangeImageLayer", "Expression", "1", "ClothedBlush",
                                       "Speaks",
                                       "E-excuse me for a moment, I think the stock is done.",
                                       "Arnea gets up from her chair and moves to the cooking pot before taking out a wooden spoon and giving it a taste.",
                                       "ChangeImageLayer", "Expression", "1", "ClothedHappy",
                                       "Speaks",
                                       "Looks like it is ready.♪ Time to add the vegetables... Oh! I forgot to ask, do you prefer sweet, bitter or spicy food?",
                                       "Menu",
                                         "'Bitter all the way.'",
                                         "'I like it hot!'",
                                         "'I have a sweeter tooth.'",
                                         "EndLoop"
                                  ]
                    },
                    {
                        "NameOfScene": "'Bitter all the way.'",
                        "theScene": [
                                       "ChangeImageLayer", "Expression", "1", "ClothedHappy",
                                       "Speaks",
                                       "I love bitter food as well!♪",
                                       "SetChoice", "2", "Bitterchoice",
                                       "JumpToScene",
                                       "Waitingonstew"
                                  ]
                    },
                    {
                        "NameOfScene": "'I like it hot!'",
                        "theScene": [
                                       "ChangeImageLayer", "Expression", "1", "ClothedBlush",
                                       "Speaks",
                                       "I-I'm a bit of lightweight when it comes to spice...",
                                       "SetChoice", "2", "Hotchoice",
                                       "JumpToScene",
                                       "Waitingonstew"
                                  ]
                    },
                    {
                        "NameOfScene": "'I have a sweeter tooth.'",
                        "theScene": [
                                       "ChangeImageLayer", "Expression", "1", "ClothedLewd",
                                       "Speaks",
                                       "A bit of sweetness will add a lot of flavour to the vegetables.",
                                       "SetChoice", "2", "Sweetchoice",
                                       "JumpToScene",
                                       "Waitingonstew"
                                  ]
                    },
                    {
                        "NameOfScene": "Waitingonstew",
                        "theScene": [
                                       "Arnea starts adding in some extra herbs to the stock alongside the vegetables, as an even greater aroma fills the small room.",
                                       "ChangeImageLayer", "Expression", "1", "ClothedHappy",
                                       "Speaks",
                                       "Just a few more minutes, then we can eat!",
                                       "Arnea seems to be in a good mood now. You've also noticed that she has stopped stuttering as much when talking to you.",
                                       "ChangeImageLayer", "Expression", "1", "ClothedBlush",
                                       "Speaks",
                                       "Do you cook at all?",
                                       "You tell Arnea that you usually get food from the Inn in town, as they offer some free menu items as well as it being convenient.",
                                       "ChangeImageLayer", "Expression", "1", "ClothedHappy",
                                       "Speaks",
                                       "I see, that's good. Is the food tasty there?",
                                       "Menu",
                                         "'The food is pretty good.'",
                                         "'It could be better.'",
                                         "'I mostly go to see Belle!'",
                                         "EndLoop"
                                  ]
                    },
                    {
                        "NameOfScene": "'The food is pretty good.'",
                        "theScene": [
                                       "ChangeImageLayer", "Expression", "1", "ClothedLewd",
                                       "Speaks",
                                       "I would like to try it... b-but I'm not g-good around crowds...",
                                       "You tell her it is mostly empty during the day, it only gets active at night due to all the monsters and adventurers that gather after a day of work.",
                                       "ChangeImageLayer", "Expression", "1", "ClothedShock",
                                       "Speaks",
                                       "M-monsters and humans...? D-does that not lead to trouble...?",
                                       "You explain that there are rules in place, and should anyone step too far out of line, Belle usually deals with them.",
                                       "ChangeImageLayer", "Expression", "1", "ClothedPout",
                                       "Speaks",
                                       "Belle?",
                                       "You tell her that Belle is the bartender of the Inn and that she is a rather muscular minotaur. Arnea happily sits there listening to you as the pot boils away.",
                                       "ChangeImageLayer", "Expression", "1", "ClothedBlush",
                                       "Speaks",
                                       "At least it sounds like you are looked after, my food won't be as good... but I hope you like it regardless.",
                                       "JumpToScene",
                                       "Fooddone"
                                  ]
                    },
                    {
                        "NameOfScene": "'It could be better.'",
                        "theScene": [
                                       "ChangeImageLayer", "Expression", "1", "ClothedLewd",
                                       "Speaks",
                                       "Y-you shouldn't say that... s-someone put the time and effort in cooking it for you..",
                                       "Arnea looks down at her hands as she continues to speak.",
                                       "ChangeImageLayer", "Expression", "1", "ClothedBlush",
                                       "Speaks",
                                       "E-everyone has there own style of cooking... even i-if it is not to your tastes, you should still respect their efforts.",
                                       "Seeing as Arnea is rather passionate about cooking, you can see why your comment might have upset her a bit.",
                                       "Menu",
                                          "'I'm sorry...'",
                                          "'I'll take your words to heart.'",
                                          "EndLoop"
                                  ]
                    },
                    {
                        "NameOfScene": "'I'm sorry...'",
                        "theScene": [
                                       "ChangeImageLayer", "Expression", "1", "ClothedLewd",
                                       "Speaks",
                                       "I-it's okay... you don't often realize how much effort goes into some things... until you try it for yourself that is!",
                                       "ChangeImageLayer", "Expression", "1", "ClothedHappy",
                                       "Speaks",
                                       "Just keep this in mind for next time.♪",
                                       "JumpToScene",
                                       "Fooddone"
                                  ]
                    },
                    {
                        "NameOfScene": "'I'll take your words to heart.'",
                        "theScene": [
                                       "ChangeImageLayer", "Expression", "1", "ClothedLewd",
                                       "Speaks",
                                       "T-thank you...you don't often realize how much effort goes into some things... until you try it for yourself that is!",
                                       "Speaks",
                                       "Just remember this the next time someone helps you.♪",
                                       "JumpToScene",
                                       "Fooddone"
                                  ]
                    },
                    {
                        "NameOfScene": "'I mostly go to see Belle!'",
                        "theScene": [
                                       "ChangeImageLayer", "Expression", "1", "ClothedPout",
                                       "Speaks",
                                       "B-belle?",
                                       "You explain to her she is the bartender of the Inn, you often see her to order food or drinks before and after an adventure. You also explain she deals with any customers who get a little too rowdy.",
                                       "ChangeImageLayer", "Expression", "1", "ClothedBlush",
                                       "Speaks",
                                       "I-I see... she sounds incredible to be able to do all that!",
                                       "ChangeImageLayer", "Expression", "1", "ClothedLewd",
                                       "Speaks",
                                       "T-then there's me... who freezes up when I talk to a single person...",
                                       "You tell Arnea that she is talking to you with no issues.",
                                       "ChangeImageLayer", "Expression", "1", "ClothedHappy",
                                       "Speaks",
                                       "I-I guess I am... I do like talking to you.♪",
                                       "Arnea smiles as her ears start to wiggle.",
                                       "JumpToScene",
                                       "Fooddone"
                                  ]
                    },
                    {
                        "NameOfScene": "Fooddone",
                        "theScene": [
                                       "RestPlayer", "DelayNotifications",
                                       "As the two of you continue to talk, Arnea's ears perk up as she looks towards the boiling pot.",
                                       "ChangeImageLayer", "Expression", "1", "ClothedHappy",
                                       "Speaks",
                                       "Sounds like the food is ready.♪",
                                       "She happily hums to herself as she walks over to the pot before setting out some bowls for the two of you. As she starts to pour the food into the bowls, you can tell she has made a vegetable stew. You examine the bite-size pieces of vegetables sitting in a thick, dark broth, as a delightful aroma fills your nose. Unable to hold back any longer you grab a spoon and dig in.",
                                       "IfChoice", "2", "Sweetchoice", "Sweetfood",
                                       "IfChoice", "2", "Hotchoice", "Hotfood",
                                       "IfChoice", "2", "Bitterchoice", "Bitterfood"
                                  ]
                    },
                    {
                        "NameOfScene": "Sweetfood",
                        "theScene": [
                                       "As you take a bite of the stew, a truly sweet flavour fills your mouth. The vegetable pieces are lovely and soft, and emit a mouth-watering aroma as they have soaked in the sweet broth. Eating just the vegetables or the broth on their own is a delight, but eating them together truly brings out the full taste. Unable to stop yourself, you keep taking bites.",
                                       "ChangeImageLayer", "Expression", "1", "ClothedHappy",
                                       "Speaks",
                                       "I hope it is not too sweet for you.",
                                       "JumpToScene",
                                       "Eatingfood"
                                  ]
                    },
                    {
                        "NameOfScene": "Hotfood",
                        "theScene": [
                                       "As you take a bite of the stew, a rather spicy flavour fills your mouth, it is neither too hot nor too mild. The vegetable pieces are lovely and soft, and emit a mouth-watering aroma as they have soaked in the spicy broth. Eating just the vegetables or the broth on their own is a delight, but eating them together truly brings out the full taste. Unable to stop yourself, you keep taking bites.",
                                       "ChangeImageLayer", "Expression", "1", "ClothedHappy",
                                       "Speaks",
                                       "I hope it is not too spicy for you.",
                                       "JumpToScene",
                                       "Eatingfood"
                                  ]
                    },
                    {
                        "NameOfScene": "Bitterfood",
                        "theScene": [
                                       "As you take a bite of the stew, a pretty bitter flavour fills your mouth. The vegetable pieces are lovely and soft, and emit a mouth-watering aroma as they have soaked in the bitter broth. Eating just the vegetables or the broth on their own is a delight, but eating them together truly brings out the full taste. Unable to stop yourself, you keep taking bites.",
                                       "ChangeImageLayer", "Expression", "1", "ClothedHappy",
                                       "Speaks",
                                       "I hope it is not too bitter for you.",
                                       "JumpToScene",
                                       "Eatingfood"
                                  ]
                    },
                    {
                        "NameOfScene": "Eatingfood",
                        "theScene": [
                                       "ChangeImageLayer", "Expression", "1", "ClothedShock",
                                       "Speaks",
                                       "S-slow d-down! You'll choke i-if you keep going...",
                                       "Arnea's concerned voice snaps you out of your eating frenzy as you look at your bowl which is already half eaten.",
                                       "ChangeImageLayer", "Expression", "1", "ClothedBlush",
                                       "Speaks",
                                       "I-is it to your liking...?",
                                       "Menu",
                                         "'It's delicious!'",
                                         "'It's delicious!!!'",
                                         "'It's delicious!!!!!'",
                                         "EndLoop"
                                  ]
                    },
                    {
                        "NameOfScene": "'It's delicious!'",
                        "theScene": [
                                       "ChangeImageLayer", "Expression", "1", "ClothedBlush",
                                       "Speaks",
                                       "I-I'm happy you like it.♪",
                                       "ChangeImageLayer", "Expression", "1", "ClothedHappy",
                                       "Speaks",
                                       "I was a little worried the flavour would not suit a human... s-since I'm the only one who has tasted it.",
                                       "You continue to eat the stew, as Arnea happily watches you.",
                                       "JumpToScene",
                                       "Afterdinner"
                                  ]
                    },
                    {
                        "NameOfScene": "'It's delicious!!!'",
                        "theScene": [
                                       "ChangeImageLayer", "Expression", "1", "ClothedLewd",
                                       "Speaks",
                                       "I-I'm happy you really like it.♪",
                                       "ChangeImageLayer", "Expression", "1", "ClothedHappy",
                                       "Speaks",
                                       "I was a little worried the flavour would not suit a human... s-since I'm the only one who has tasted it.",
                                       "You continue to eat the stew, as Arnea happily watches you.",
                                       "JumpToScene",
                                       "Afterdinner"
                                  ]
                    },
                    {
                        "NameOfScene": "'It's delicious!!!!!'",
                        "theScene": [
                                       "ChangeImageLayer", "Expression", "1", "ClothedShock",
                                       "Speaks",
                                       "I-I think you l-like it a little too much!",
                                       "ChangeImageLayer", "Expression", "1", "ClothedHappy",
                                       "Speaks",
                                       "I was a little worried the flavour would not suit a human... s-since I'm the only one who has tasted it.",
                                       "You continue to eat the stew, as Arnea happily watches you.",
                                       "JumpToScene",
                                       "Afterdinner"
                                  ]
                    },
                    {
                        "NameOfScene": "Afterdinner",
                        "theScene": [
                                       "RestPlayer", "DelayNotifications",
                                       "The two of you quietly finish your meal as the only sounds that can be heard are the spoons scraping against the bowls.",
                                       "GivePerk", "Well Fed",
                                       "ChangeBGM", "music/Relaxing/Purple Planet Music - Gentle - Eastern Karma (2_16).mp3",
                                       "ChangeImageLayer", "Expression", "1", "ClothedBlush",
                                       "Speaks",
                                       "S-somehow eating with company... m-makes a meal taste even better.",
                                       "ChangeImageLayer", "Expression", "1", "ClothedLewd",
                                       "Speaks",
                                       "B-but... this w-will be over soon... then I'll never see you again...",
                                       "Arnea looks sad as she plays with her hands, trying to think of other topics to make the moment last longer.",
                                       "Menu",
                                         "'I would like to meet you again.'",
                                         "'This was just a job.'",
                                         "EndLoop"
                                  ]
                    },
                    {
                        "NameOfScene": "'I would like to meet you again.'",
                        "theScene": [
                                       "ChangeImageLayer", "Expression", "1", "ClothedSad",
                                       "Speaks",
                                       "I-it was nice whil-...",
                                       "ChangeImageLayer", "Expression", "1", "ClothedShock",
                                       "Speaks",
                                       "W-w-wha... d-did you s-say you wanted t-t-to meet again?!",
                                       "Arnea turns into a stuttering mess after hearing your response, and her ears are practically pointing upwards. You tell her you had a fun time and would like to meet her again in the future.",
                                       "ChangeImageLayer", "Expression", "1", "ClothedLewd",
                                       "Speaks",
                                       "I-I... would r-really like that...♪",
                                       "Her mood almost does a complete 180 as she can't stop smiling to herself, even her ears are twitching at speeds that would put a wolf's tail to shame.",
                                       "ChangeImageLayer", "Expression", "1", "ClothedHappy",
                                       "Speaks",
                                       "Hehehe... I made a friend.♪",
                                       "Arnea stands up and collects the bowls as she hops over to the sink to wash them. You consider helping her but... she's stuck in her own little world now.",
                                       "A few minutes pass as she finishes up with the washing. Once she is done, she heads over to you with a slight hop in her step, before reaching up to her hair and undoing one of the ribbons behind her ear.",
                                       "ChangeImageLayer", "Expression", "1", "ClothedBlush",
                                       "Speaks",
                                       "W-will you accept this... as a token of our new... friendship?♪",
                                       "She looks you in the eyes as you reach out and take the ribbon, before carefully placing it in your backpack.",
                                       "GiveItem",
                                       "1",
                                       "Arnea's Gift",
                                       "ChangeImageLayer", "Expression", "1", "ClothedHappy",
                                       "Speaks",
                                       "T-thank you! P-please visit whenever you get the chance to!",
                                       "She firmly grasps your hand in hers as you can feel her warmth, after a moment, she reluctantly lets go before seeing you out of the house.",
                                       "ChangeImageLayer", "Expression", "1", "ClothedBlush",
                                       "Speaks",
                                       "T-take care [ThePlayerName]!",
                                       "You give her a final wave before you head back into town with a full stomach and a new friendship. Best go tell Vivian... though you are fairly sure she already knows the result...",
                                       "QuestComplete",
                                       "GoToTown"
                                  ]
                    },
                    {
                        "NameOfScene": "'This was just a job.'",
                        "theScene": [
                                       "SetChoice", "8", "Denyher2",
                                       "ChangeImageLayer", "Expression", "1", "ClothedSad",
                                       "Speaks",
                                       "I-I understand... you have other important things to do...",
                                       "Arnea looks down and stares at her slightly trembling hands.",
                                       "Speaks",
                                       "I-it... was only a s-short time but... I e-enjoyed your c-company...",
                                       "ChangeImageLayer", "Expression", "1", "ClothedLewd",
                                       "Speaks",
                                       "I'll s-see you out then... I'll d-do the washing up.",
                                       "It looks like Arnea is trying to hold back her tears as she sees you off.",
                                       "Speaks",
                                       "T-take care [ThePlayerName]... a-and be safe...",
                                       "After seeing you out of the house, Arnea hurries back inside. As you start walking off back to town, you can hear faint crying from her house. Not the best end to the day, but you should at least report back to Vivian.",
                                       "GoToTown"
                                  ]
                    },
                    {
                        "NameOfScene": "revisit",
                        "theScene": [
                                       "You decide to pay Arnea another visit to make up for last time. Once you reach her house, you hear sounds coming from the garden. As you make your way to the back garden you see Arnea working away, her ears perk as soon as she hears you.",
                                       "DisplayCharacters",
                                       "1",
                                       "EndLoop",
                                       "ChangeBGM", "music/Relaxing/Purple Planet Music - Gentle - Eastern Karma (2_16).mp3",
                                       "ChangeImageLayer", "Expression", "1", "ClothedLewd",
                                       "Speaks",
                                       "Y-you came back... I was a little w-worried you would never come back...",
                                       "Arnea's ears start to twitch a little bit as she turns around to her garden before inspecting each crop.",
                                       "ChangeImageLayer", "Expression", "1", "ClothedHappy",
                                       "Speaks",
                                       "J-just give me a moment to pick some ripe vegetables for the meal.",
                                       "After a few minutes, Arnea returns to you with a wide selection of vegetables in her arms, as she slowly tries to walk towards the house.",
                                       "Speaks",
                                       "R-ready?",
                                       "Menu",
                                         "Offer to help her.",
                                         "Leave her be.",
                                         "EndLoop"

                                  ]
                    },
                    {
                        "NameOfScene": "Apologyrun2",
                        "theScene": [
                                       "SetChoice", "9", "Apology",
                                       "You return to Arnea's shack as you look around for her, after a moment of searching you notice Arnea in the back garden working away. As you make your way towards her, she turns around as she has a surprised look on her face.",
                                       "DisplayCharacters",
                                       "1",
                                       "EndLoop",
                                       "ChangeBGM", "music/Relaxing/Purple Planet Music - Gentle - Eastern Karma (2_16).mp3",
                                       "ChangeImageLayer", "Expression", "1", "ClothedShock",
                                       "Speaks",
                                       "[ThePlayerName]...?! W-what are you d-doing back?",
                                       "Arnea stands there as she avoids eye contact with you, her ears alternating between twitching and drooping.",
                                       "Menu",
                                         "'I wanted to apologize for last time.'",
                                         "'Can we be friends?'",
                                         "EndLoop"
                                  ]
                    },
                    {
                        "NameOfScene": "'I wanted to apologize for last time.'",
                        "theScene": [
                                       "ChangeImageLayer", "Expression", "1", "ClothedLewd",
                                       "Speaks",
                                       "Y-you do...? It's okay I-I did put some pressure on you during our meal...",
                                       "ChangeImageLayer", "Expression", "1", "ClothedBlush",
                                       "Speaks",
                                       "To be h-honest... I thought I would never see y-you again... I'm glad I was wrong.♪",
                                       "Arnea's mood improves as she returns to her smiling self again.  After a moment, she reaches up to one of the ribbons in her hair and unties it.",
                                       "ChangeImageLayer", "Expression", "1", "ClothedLewd",
                                       "Speaks",
                                       "W-will you accept this as a token of our frienship?",
                                       "You take the ribbon from her hands and carfully place it in your backpack.",
                                       "GiveItem",
                                       "1",
                                       "Arnea's Gift",
                                       "ChangeImageLayer", "Expression", "1", "ClothedHappy",
                                       "Speaks",
                                       "Hehehe... I made a friend.♪ P-please visit whenever you get the chance to!",
                                       "She firmly grasps your hand in hers as you can feel her warmth, after a moment, she reluctantly lets go before seeing you off.",
                                       "ChangeImageLayer", "Expression", "1", "ClothedBlush",
                                       "Speaks",
                                       "T-take care [ThePlayerName]!",
                                       "You give her a final wave before you head back into town with a new friendship. Best go tell Vivian... though you are fairly sure she already knows the outcome...",
                                       "QuestComplete",
                                       "GoToTown"
                                  ]
                    },
                    {
                        "NameOfScene": "'Can we be friends?'",
                        "theScene": [
                                       "ChangeImageLayer", "Expression", "1", "ClothedBlush",
                                       "Speaks",
                                       "Y-you want to be friends w-with me?! I-I... of c-course.♪",
                                       "ChangeImageLayer", "Expression", "1", "ClothedSad",
                                       "Speaks",
                                       "I t-thought you never wanted to see m-me again...",
                                       "ChangeImageLayer", "Expression", "1", "ClothedHappy",
                                       "Speaks",
                                       "I'm glad t-that is not the case.♪",
                                       "Arnea has a happy smile on her face as she sways from side to side. After a moment, she reaches up to one of the ribbons in her hair and unties it.",
                                       "ChangeImageLayer", "Expression", "1", "ClothedLewd",
                                       "Speaks",
                                       "W-will you accept this as a token of our frienship?",
                                       "You take the ribbon from her hands and carfully place it in your backpack.",
                                       "GiveItem",
                                       "1",
                                       "Arnea's Gift",
                                       "ChangeImageLayer", "Expression", "1", "ClothedHappy",
                                       "Speaks",
                                       "Hehehe... I made a friend.♪ P-please visit whenever you get the chance to!",
                                       "She firmly grasps your hand in hers as you can feel her warmth, after a moment, she reluctantly lets go before seeing you off.",
                                       "ChangeImageLayer", "Expression", "1", "ClothedBlush",
                                       "Speaks",
                                       "T-take care [ThePlayerName]!",
                                       "You give her a final wave before you head back into town with a new friendship. Best go tell Vivian... though you are fairly sure she already knows the outcome...",
                                       "QuestComplete",
                                       "GoToTown"
                                  ]
                    },
                    {
                        "NameOfScene": "EventBroke",
                        "theScene": [ "Well this is akward... time to whip out the bug spray."
                                  ]
                    }

                ]
}
