{
    "name": "Arneasick",
    "CardType": "Event",
    "CardLimit": "0",
    "Description": "",
    "requires": [ ""],
    "requiresEvent": [
                        {
                          "NameOfEvent": "",
                          "Progress": "-99",
                          "ChoiceNumber": "-1",
                          "Choice": ""
                        }
                      ],
    "Speakers": [
                  {
                    "name": "Arnea",
                    "postName": "",
                    "SpeakerType": "Monster"
                  },
                  {
                    "name": "???",
                    "postName": "",
                    "SpeakerType": "Monster"
                  }

                ],
    "EventText": [
                    {
                        "NameOfScene": "Greeting",
                        "theScene": [
                                       "SetProgress", "0",
                                       "SetChoice", "1", "",
                                       "SetChoice", "2", "",
                                       "SetChoice", "3", "",
                                       "SetChoice", "4", "",
                                       "SetChoice", "5", "",
                                       "SetChoice", "6", "",
                                       "SetChoice", "7", "",
                                       "You make your way through the Mystic forest and head towards Arnea's house. However, as you approach the door, Arnea does not immediatly greet you like she usually does. You decide to give her front door a heavy knock and wait.",
                                       "Some time passes, but you recieve no answer. A little worried you go to knock again, however, as soon as you bring your hand to the door it opens slowly, as Arnea peeks her head out the door.",
                                       "DisplayCharacters",
                                       "1",
                                       "EndLoop",
                                       "ChangeImageLayer", "Expression", "1", "ClothedSick",
                                       "She gives you a somewhat distant look as her face is burning red and her breathing looks heavy.",
                                       "Speaks",
                                       "I-is that you... d-dear...?",
                                       "She continues to look at you for a moment before she retreats back into the house a little.",
                                       "ChangeImageLayer", "Expression", "1", "ClothedSickBlush",
                                       "Speaks",
                                       "I... I'm s-sorry... you should keep your distance from me... I'm a l-little sick at the moment...",
                                       "She rubs her eyes and nose as she sniffles a little.",
                                       "ChangeImageLayer", "Expression", "1", "ClothedSick",
                                       "Speaks",
                                       "I r-really wanted to... spend time with you today but... I d-don't want you to get sick either... I should be fine after I r-rest a little so... don't worry about me.",
                                       "Menu",
                                          "'I can't leave you like this.'",
                                          "'Okay, get some sleep, I'll visit another time.'",
                                          "EndLoop"
                                  ]
                    },
                    {
                        "NameOfScene": "'Okay, get some sleep, I'll visit another time.'",
                        "theScene": [
                                       "ChangeImageLayer", "Expression", "1", "ClothedSickBlush",
                                       "Speaks",
                                       "O-okay, I'll see you s-soon... my l-love.♥",
                                       "She gives you a faint smile as she closes and locks the front door. You decide to head back to town for now and let her rest up.",
                                       "RestPlayer",
                                       "GoToTown"
                                  ]
                    },
                    {
                        "NameOfScene": "'I can't leave you like this.'",
                        "theScene": [
                                       "ChangeBGM", "music/Forest/Elven-Sanctuary_loop.OGG",
                                       "ChangeImageLayer", "Expression", "1", "ClothedSickBlush",
                                       "Speaks",
                                       "B-but I said I'm sick and g-gross...",
                                       "Ignoring her protests you lift her up in your arms as she lets out a congested yelp.",
                                       "ChangeImageLayer", "Expression", "1", "ClothedSickLewd",
                                       "Speaks",
                                       "D-d-dear... w-what are you...♥",
                                       "You carry her into the bedroom bridal style and lay her on the bed before tucking her in. Tears start to form in her eyes as she gives you a wide smile.",
                                       "ChangeImageLayer", "Expression", "1", "ClothedSick",
                                       "Speaks",
                                       "Thank you... my love... I'm in your care then...♥",
                                       "You sit on the side of the bed and hold her hand as you decide on what to do.",
                                       "JumpToScene",
                                       "Arneasickmenu"
                                  ]
                    },
                    {
                        "NameOfScene": "Arneasickmenu",
                        "theScene": [
                                       "Menu",
                                         "Chat with her.",
                                         "Make her some food.",
                                         "Give her a massage.",
                                         "Clean her ears.",
                                         "RequiresMinimumProgress", "4", "Wash her body.",
                                         "EndLoop"
                                  ]
                    },
                    {
                        "NameOfScene": "Arneasickmenulast",
                        "theScene": [
                                       "Menu",
                                         "RequiresChoice", "2", "Bodywashed", "Stay over and cuddle with her.",
                                         "RequiresChoice", "2", "Bodywashed", "Tuck her into bed and leave.",
                                         "EndLoop"
                                  ]
                    },
                    {
                        "NameOfScene": "Chat with her.",
                        "theScene": [
                                       "IfChoice", "5", "Talkedtwice", "Outofdialogue",
                                       "IfChoice", "5", "Talkedonce", "Repeatdialogue",
                                       "SetChoice", "5", "Talkedonce",
                                       "ChangeProgress", "1",
                                       "You decide to chat with her for a little while to help take her mind of her cold.",
                                       "ChangeImageLayer", "Expression", "1", "ClothedSick",
                                       "Speaks",
                                       "I hate how sensitive I am to the cold... it's not the first time I have fallen ill over it...",
                                       "Arnea sighs a little as she sniffles and rubs her slightly sore red eyes.",
                                       "ChangeImageLayer", "Expression", "1", "ClothedSickBlush",
                                       "Speaks",
                                       "You even came to visit me... and I welcomed you looking like this. A part of me wanted you to visit another day but... I'm actually really happy you are here to keep me company.♥",
                                       "She gives you a weak smile as you hold onto her hand.",
                                       "ChangeImageLayer", "Expression", "1", "ClothedSick",
                                       "Speaks",
                                       "I even had a new recipe I wanted you to try out, but I guess that will have to wait... s-stupid cold...",
                                       "You sit there and listen to her vent for a while as she laughs a little.",
                                       "ChangeImageLayer", "Expression", "1", "ClothedSickBlush",
                                       "Speaks",
                                       "I know it won't change anything, but it feels nice to have someone to vent to, thank you.♥",
                                       "She sinks back into her pillow as you decide on how to treat her next.",
                                       "JumpToScene",
                                       "Arneasickmenu"
                                  ]
                    },
                    {
                        "NameOfScene": "Repeatdialogue",
                        "theScene": [
                                       "SetChoice", "5", "Talkedtwice",
                                       "You decide to chat with Arnea a little more.",
                                       "ChangeImageLayer", "Expression", "1", "ClothedSick",
                                       "Speaks",
                                       "Luckily I was able to tend to my crops this morning before my cold got too bad. They c-can be rather demanding and needy at times, but they are worth it.♪",
                                       "She tries to laugh a little, but as soon as she does, she has a small coughing fit. You quickly pat and rub her back as she slowly calms down.",
                                       "ChangeImageLayer", "Expression", "1", "ClothedSickBlush",
                                       "Speaks",
                                       "T-thank you... sorry for worrying you there.",
                                       "Using her sweater sleeve, Arnea wipes the sweat and tears from her face while she sinks back into her pillow.",
                                       "ChangeImageLayer", "Expression", "1", "ClothedSick",
                                       "Speaks",
                                       "S-stupid cold...",
                                       "You chat with her for a little longer before deciding on something else to do.",
                                       "JumpToScene",
                                       "Arneasickmenu"
                                  ]
                    },
                    {
                        "NameOfScene": "Outofdialogue",
                        "theScene": [
                                       "You chat with Arnea about random topics to pass some time with her.",
                                       "ChangeImageLayer", "Expression", "1", "ClothedSickBlush",
                                       "Speaks",
                                       "Hehehe... that sounds like fun, dear.♥",
                                       "Arnea seems to be enjoying herself as you finish talking with her.",
                                       "JumpToScene",
                                       "Arneasickmenu"
                                  ]
                    },

                    {
                        "NameOfScene": "Make her some food.",
                        "theScene": [
                                       "IfChoice", "7", "MadeSoup", "Souprepeat",
                                       "SetChoice", "7", "MadeSoup",
                                       "ChangeProgress", "1",
                                       "ChangeImageLayer", "Expression", "1", "ClothedSickBlush",
                                       "Speaks",
                                       "You're going to make me some food, dear? Hehehe... this is the first time I'll have tried your cooking. I'm kind of excited.♥",
                                       "Arnea happily squirms about as imagines what your food will taste like.",
                                       "ChangeImageLayer", "Expression", "1", "ClothedSick",
                                       "Speaks",
                                       "Feel free to use any ingredients you want.",
                                       "With that, you head to the kitchen and decide on what you are going to make.",
                                       "DisplayCharacters",
                                       "2",
                                       "EndLoop",
                                       "Looking around the kitchen, you see a decent assortment of vegetables, fruits, herbs and some oats. There are a few basic recipes you could put together with these that Arnea should be able to eat.",
                                       "You decide to make some warm soup for Arnea that will be easy for her to eat. You grab a few vegetables and herbs from the nearby basket and make a start on the soup base.",
                                       "Menu",
                                         "Go with your gut instinct.",
                                         "RequiresStat", "Technique", "20", "'Those years of food studying are finally paying off!'",
                                         "EndLoop"
                                  ]
                    },
                    {
                        "NameOfScene": "Souprepeat",
                        "theScene": [
                                       "You have already made some food for Arnea.",
                                       "JumpToScene",
                                       "Arneasickmenu"
                                  ]
                    },
                    {
                        "NameOfScene": "Go with your gut instinct.",
                        "theScene": [
                                       "SetChoice", "37", "Gowithgut",
                                       "You have no idea on how to make soup, so you decide to just trust your gut.",
                                       "You grab a nearby knife and sloppily cut the vegetables into uneven chunks. For the broth, you bring some water to a boil and add in some herbs that smell nice, hoping they will taste as good. With the broth made? You add in the cut vegetables and leave it to simmer for a while.",
                                       "A few minutes pass and you pour the soup into a wooden bowl as a rather unique smell tickles your nose. Your not entirely sure if soup usually smells like this, but you tried your best. With the soup in hand, you head back into the bedroom.",
                                       "DisplayCharacters",
                                       "1",
                                       "EndLoop",
                                       "ChangeImageLayer", "Expression", "1", "ClothedSick",
                                       "Speaks",
                                       "Hopefully you did not have too much difficulty... sorry for being a bother.",
                                       "Menu",
                                         "RequiresStat", "Allure", "20", "Spoon feed her.",
                                         "Give her the food.",
                                         "EndLoop"
                                  ]
                    },
                    {
                        "NameOfScene": "'Those years of food studying are finally paying off!'",
                        "theScene": [
                                       "SetChoice", "37", "Gowithskill",
                                       "You practiced cooking during your time at the academy, hoping it would be useful on the road. However, today is the first time you are actually putting it to use.",
                                       "You grab some Tender carrots, Plump onions and some Grove potatoes and cut them into small bite-sized pieces. For the broth, you bring some water to boil as you add in a select bunch of herbs and spices. With the prep work done, you add in the vegetables and let teh soup simmer for a while.",
                                       "Already a pleasant smell is filling the room as you watch the vegetables slowly turn tender. You give it a few more minutes to cook before pouring the soup into a wooden bowl and topping with some extra spices. With the soup in hand, you head back into the bedroom.",
                                       "DisplayCharacters",
                                       "1",
                                       "EndLoop",
                                       "ChangeImageLayer", "Expression", "1", "ClothedSick",
                                       "Speaks",
                                       "Hopefully you did not have too much difficulty... sorry for being a bother.",
                                       "Menu",
                                         "RequiresStat", "Allure", "20", "Spoon feed her.",
                                         "Give her the food.",
                                         "EndLoop"
                                  ]
                    },
                    {
                        "NameOfScene": "Spoon feed her.",
                        "theScene": [
                                       "IfChoice", "37", "Gowithskill", "Skillfoodspoondialogue",
                                       "IfChoice", "37", "Gowithgut", "Gutfoodspoondialogue",
                                       ""
                                  ]
                    },
                    {
                        "NameOfScene": "Skillfoodspoondialogue",
                        "theScene": [
                                       "You take a seat on the bed and move as close as you can to her before picking some food on the spoon and bringing it close to her mouth, Arnea's face quickly turns red as she is unsure of how to react to the current situation.",
                                       "ChangeImageLayer", "Expression", "1", "ClothedShockHorny",
                                       "Speaks",
                                       "W-w-wait... you d-dont plan on spoon feeding me d-d-do you?",
                                       "ChangeImageLayer", "Expression", "1", "ClothedSickBlush",
                                       "Noticing you have no intention of backing down, Arnea tries to calm herself as she timidly opens her mouth and waits, you slowly bring the spoon to her lips then after a brief pause she takes a bite. A combination of embarrassment and delight fills her face as she seems to be enjoying the food you made for her.",
                                       "Her ears begin to wiggle about as happy gasps escape her lips, then before you know it she already has her mouth open waiting for more. As you continue to spoon feed her, her earlier shock and embarrassment is no where to be seen, instead Arnea seems to be loving this extra service you are providing.",
                                       "ChangeImageLayer", "Expression", "1", "ClothedSick",
                                       "After only a few minutes, the bowl of food has been cleaned as Arnea sinks into the pillows with a contempt look on her face.",
                                       "Speaks",
                                       "S-such tasty food and... perfect service to accompany it... hehehe...♥",
                                       "Arnea appears to be in her own little world as she wiggles her body about with a slightly sultry look on her face. Pleased with the results, you put the bowl to one side as you decide on what to do next while waiting for Arnea to snap back to reality.",
                                       "JumpToScene",
                                       "Arneasickmenu"
                                  ]
                    },
                    {
                        "NameOfScene": "Gutfoodspoondialogue",
                        "theScene": [
                                       "You take a seat on the bed and move as close as you can to her before picking some food on the spoon and bringing it close to her mouth, Arnea's face quickly turns red as she is unsure of how to react to the current situation.",
                                       "ChangeImageLayer", "Expression", "1", "ClothedShockHorny",
                                       "Speaks",
                                       "W-w-wait... you d-dont plan on spoon feeding me d-d-do you?",
                                       "ChangeImageLayer", "Expression", "1", "ClothedSickBlush",
                                       "Noticing you have no intention of backing down, Arnea tries to calm herself as she timidly opens her mouth and waits, you slowly bring the spoon to her lips then after a brief pause she takes a bite. A combination of embarrassment and joy fills her face as she seems to be enjoying the food you tried to make for her.",
                                       "Her ears begin to wiggle about as she happily giggles to herself, then before you know it she already has her mouth open demanding more. As you continue to spoon feed her, her earlier shock and embarrassment is no where to be seen, instead Arnea seems to be loving this extra service you are providing.",
                                       "ChangeImageLayer", "Expression", "1", "ClothedSick",
                                       "After only a few minutes, the bowl of food? has been cleaned as Arnea sinks into the pillows with a contempt look on her face.",
                                       "Speaks",
                                       "Hehehe... the special treatment never ends... ♥",
                                       "Arnea appears to be in her own little world as she wiggles her body about with a slightly sultry look on her face. Pleased with the results, you put the bowl to one side as you decide on what to do next while waiting for Arnea to snap back to reality.",
                                       "JumpToScene",
                                       "Arneasickmenu"
                                  ]
                    },
                    {
                        "NameOfScene": "Give her the food.",
                        "theScene": [
                                       "IfChoice", "37", "Gowithskill", "Skillfooddialogue",
                                       "IfChoice", "37", "Gowithgut", "Gutfooddialogue",
                                       ""
                                  ]
                    },
                    {
                        "NameOfScene": "Skillfooddialogue",
                        "theScene": [
                                       "Arnea gives you a weak smile as she rubs her sore nose before taking the 'glorious bowl of soup' from your hands. She looks at the soup and gives it a smell.",
                                       "ChangeImageLayer", "Expression", "1", "ClothedSickBlush",
                                       "Speaks",
                                       "This smells... i-incredible, thank you, dear.♪",
                                       "Without any hesitation, she picks up a spoon and scoops up some of the soup. The vibrant looking broth glistens in the light as small colourful pieces of vegetables float around. As she takes a bite, her ears start to wiggle about as happy moans escape her lips. Arnea continues to take bite after bite without stopping until the bowl is scraped clean. She lets out a slight grumble as she realises it has all been eaten.",
                                       "ChangeImageLayer", "Expression", "1", "ClothedSickLewd",
                                       "Speaks",
                                       "T-that was truly delicious, dear, the colours, the smells and the taste were perfect.♥ My whole body feels warm and energized, I might have to let you take over the cooking from now on.♪",
                                       "She places the bowl down onto the bed, before laying back and sinking into the sheets with a delightful look on her face.",
                                       "With Arnea's appetite taken care of, you decide on how to spoil her next.",
                                       "JumpToScene",
                                       "Arneasickmenu"
                                  ]
                    },
                    {
                        "NameOfScene": "Gutfooddialogue",
                        "theScene": [
                                       "Arnea gives you a weak smile as she rubs her sore nose before taking the 'bowl of soup?' from your hands. She looks at the soup and gives it a smell.",
                                       "ChangeImageLayer", "Expression", "1", "ClothedSickBlush",
                                       "Speaks",
                                       "It has a rather unique look and smell, thank you, dear.",
                                       "Without any hesitation, she picks up a spoon and scoops up some of the soup. The broth and thick vegetables stick to the spoon as she takes a bite. An awkward silence fills the room as she slowly chews on the food, an occasional crunch breaking the silence as she finally swallows the soup.",
                                       "ChangeImageLayer", "Expression", "1", "ClothedSickLewd",
                                       "Speaks",
                                       "I don't think I have ever eaten anything that tastes... sweet, sour, spicy and bitter at the same time before.",
                                       "She lets out a small giggle before continuing to eat the soup with a smile on her face.",
                                       "ChangeImageLayer", "Expression", "1", "ClothedSickBlush",
                                       "Speaks",
                                       "Thank you, dear. Despite its looks, It tastes lovely and... you went out of your way to make it just for me.♥",
                                       "Arnea continues to eat the soup while the two of you chat about various topics.",
                                       "...",
                                       "With a clean bowl, she places it onto the bed before letting out a satisfied sigh.",
                                       "ChangeImageLayer", "Expression", "1", "ClothedSick",
                                       "Speaks",
                                       "I feel rather... energized now.♪",
                                       "With Arnea's appetite taken care of, you decide on how to spoil her next.",
                                       "JumpToScene",
                                       "Arneasickmenu"
                                  ]
                    },
                    {
                        "NameOfScene": "Give her a massage.",
                        "theScene": [
                                       "IfChoice", "3", "Massageonce", "Massagerepeat",
                                       "SetChoice", "3", "Massageonce",
                                       "ChangeProgress", "1",
                                       "ChangeImageLayer", "Expression", "1", "ClothedSickBlush",
                                       "Speaks",
                                       "That would be... wonderful.♥ My joints do feel rather stiff and sore.",
                                       "You pull the bedsheets back and decide on where to start.",
                                       "JumpToScene",
                                       "MassageMenu"
                                  ]
                    },
                    {
                        "NameOfScene": "Massagerepeat",
                        "theScene": [
                                       "ChangeImageLayer", "Expression", "1", "ClothedSickBlush",
                                       "Speaks",
                                       "Another m-massage? You really are pampering me today.♥",
                                       "She wiggles about as you pull the bedsheets back and decide on where to start.",
                                       "JumpToScene",
                                       "MassageMenu"
                                  ]
                    },
                    {
                        "NameOfScene": "MassageMenu",
                        "theScene": [
                                       "Menu",
                                         "Massage her hands.",
                                         "Massage her feet.",
                                         "Massage her back, sides and shoulders.",
                                         "Massage her stomach.",
                                         "Massage her arms.",
                                         "RequiresChoice", "4", "Massageonebodypart", "Stop giving her a massage.",
                                         "EndLoop"
                                  ]
                    },
                    {
                        "NameOfScene": "Massage her hands.",
                        "theScene": [
                                       "SetChoice", "4", "Massageonebodypart",
                                       "You take her slender hand in yours as you slowly spread her fingers. Using your spare hand, you hold one of her fingers and gently squeeze it as you work your fingers into her joints, Arnea lets out a satisfied gasp as you slowly knead each and every finger.",
                                       "ChangeImageLayer", "Expression", "1", "ClothedSickLewd",
                                       "With her fingers taken care of, you start to work on her palm. You place her hand between yours as you slowly press your thumbs into her palm. Arnea's body twitches a little as you rub your thumbs across her soft skin. Starting from her wrist, you work your way up to her fingers before repeating the process over.",
                                       "Speaks",
                                       "M-my hands feel like they are m-melting...♥",
                                       "You flip her hand over and start to massage the back of her hand. Starting from the wrist again and working your thumbs down to her knuckles, before repeating the process over for every finger.",
                                       "ChangeImageLayer", "Expression", "1", "ClothedSickBlush",
                                       "Speaks",
                                       "Mmnnn...♥ Your r-really good at this.♥",
                                       "With one hand taken care of, you get to work on her other hand as she enjoys every second of fit.",
                                       "Speaks",
                                       "My hands f-feel so light and soft... thank you.♥",
                                       "She gives your hand a gentle squeeze as you lower it back down onto the bed.",
                                       "JumpToScene",
                                       "MassageMenu"
                                  ]
                    },
                    {
                        "NameOfScene": "Massage her feet.",
                        "theScene": [
                                       "SetChoice", "4", "Massageonebodypart",
                                       "You move down to her legs and take her foot in your hand as you slowly slide her sock off. With her bare foot now in your hand, you begin to press your thumbs into the soles of her feet, Arnea's back arches a little as you work your thumbs down the soles of her feet and towards her delicate toes.",
                                       "ChangeImageLayer", "Expression", "1", "ClothedSickBlush",
                                       "Speaks",
                                       "R-right there...♥ Mmnnn...♥",
                                       "You work your thumbs into her toes as you draw circles with them. Her toes start to wiggle about as she giggles to herself.",
                                       "ChangeImageLayer", "Expression", "1", "ClothedSickLewd",
                                       "Speaks",
                                       "S-sorry, d-dear that... tickles... nnnaaa...♥",
                                       "Deciding to give her toes a break, you work your thumbs up to her ankles as you tenderly massage her joints while you give her toes a few gentle kisses as an added bonus.",
                                       "ChangeImageLayer", "Expression", "1", "ClothedSickBlush",
                                       "Speaks",
                                       "S-so much affection... my head is s-spinning...♥",
                                       "You give her foot one final kiss as you slowly slide her sock back on, before getting to work on the other foot. Arnea happily purrs to herself as you give her plenty of affection and love.",
                                       "ChangeImageLayer", "Expression", "1", "ClothedSickLewd",
                                       "Speaks",
                                       "I feel l-like... I have been walking on... soft cotton... hhaaa...♥",
                                       "Arnea slumps onto the bed with an elated look on her face as you decide on your next move.",
                                       "JumpToScene",
                                       "MassageMenu"
                                  ]
                    },
                    {
                        "NameOfScene": "Massage her back, sides and shoulders.",
                        "theScene": [
                                       "SetChoice", "4", "Massageonebodypart",
                                       "You gently flip Arnea onto her front as you lift her sweater up and move her hair to the side. Placing your palms on her lower back, you gently apply some pressure into your fingers as you work your way into her muscles and joints.",
                                       "As your fingers sink into her soft skin, Arnea's arms and legs twitch as she slightly whimpers in delight. Starting from the centre and working out towards her sides, she giggles a little while her hips wiggle about.",
                                       "ChangeImageLayer", "Expression", "1", "ClothedSickBlush",
                                       "Speaks",
                                       "N-not t-t-there... nnnaaa...♥ d-dear... n-n-nooo...♥",
                                       "You decide to tease her a little more as you focus on her sides while Arnea squirms about. After a few moments, you stop and let her catch her breath, as she pouts with tears in her eyes.",
                                       "ChangeImageLayer", "Expression", "1", "ClothedSickLewd",
                                       "Speaks",
                                       "Your c-cuddling privileges are being revoked...",
                                       "You apologize to her by massaging her shoulders as she quickly changes her mind.",
                                       "ChangeImageLayer", "Expression", "1", "ClothedSickBlush",
                                       "Speaks",
                                       "Mmnnn...♥ I'll let you off t-this time...♥",
                                       "You press your fingers into her shoulder joints and pull away as her whole body relaxes. Working from back to front, you make sure every part of her is nice and relaxed.",
                                       "With a few final passes, you give her whole back a final run through as Arnea buries her head into her pillow, while her ears happily dance about.",
                                       "ChangeImageLayer", "Expression", "1", "ClothedSick",
                                       "Speaks",
                                       "I f-feel like I could happily fall asleep...♥ but if I g-give in, I'll miss out on the rest of your tender care...",
                                       "You pull her sweater down as you attempt to roll her over onto her back, though this proves as a challenge as her body is a little too relaxed. With some difficulties, you finally manage to flip her as Arnea has a heavenly look on her face.",
                                       "JumpToScene",
                                       "MassageMenu"
                                  ]
                    },
                    {
                        "NameOfScene": "Massage her stomach.",
                        "theScene": [
                                       "SetChoice", "4", "Massageonebodypart",
                                       "You lift her sweater up to her chest as you place your palms on her stomach. You can feel soft breathing and gentle heartbeat as you slowly stroke her stomach.",
                                       "ChangeImageLayer", "Expression", "1", "ClothedSickBlush",
                                       "Speaks",
                                       "Your h-hands are nice and warm.♪",
                                       "Arnea rests her head against a pillow as you start to massage her stomach. Using your thumbs you apply a gentle amount of force above her navel, and as you move, Arnea's body twitches a little as you work your way out towards her ribs.",
                                       "You can feel her breathing getting heavier, while her heart starts to beat a little faster as you rub your fingers across her ribs.",
                                       "ChangeImageLayer", "Expression", "1", "ClothedSickLewd",
                                       "Speaks",
                                       "Hhnnnaa...♥ It f-feels like your warmth is seeping into my v-very being...♥",
                                       "As you gently rub below her navel and around her hips, Arnea starts to squirm about a little as her breathing picks up in speed.",
                                       "ChangeImageLayer", "Expression", "1", "ClothedShockHorny",
                                       "You decide to tease her a little bit as you place your lips on her cute navel and gently kiss it, Arnea is completly caught off guard by this act and cant stop herself from laughing.",
                                       "Speaks",
                                       "N-n-naahh... n-no s-s-stop... dear... that t-tickles.♥",
                                       "ChangeImageLayer", "Expression", "1", "ClothedSickLewd",
                                       "You continue to kiss her navel for a little longer as Arnea squirms about in a mix of bliss and embarrassment before deciding that you have teased her enough, Arnea lightly hits you with her foot as she takes a few deep breaths to regain her composure.",
                                       "Speaks",
                                       "Y-you almost gave me hiccups there... though it was rather sweet and affectionate.♥",
                                       "Deciding that you have massaged and teased her stomach enough for now, you give her navel one final kiss before pulling her sweater back down.",
                                       "JumpToScene",
                                       "MassageMenu"
                                  ]
                    },
                    {
                        "NameOfScene": "Massage her chest.",
                        "theScene": [
                                       "SetChoice", "4", "Massageonebodypart",
                                       "ChangeImageLayer", "Expression", "1", "ClothedBlush",
                                       "You grab her sweater and lift it up to her chest as her breasts pop out and jiggle a little. Arnea lets out a soft whimper as you place a hand on one of her breasts, the moment your fingers touch her flesh, a pleasant softness and warmth seeps into you as they take to the shape of your hand and fingers.",
                                       "You slowly start to knead her breasts ",
                                       "JumpToScene",
                                       "MassageMenu"
                                  ]
                    },
                    {
                        "NameOfScene": "Massage her legs.",
                        "theScene": [
                                       "SetChoice", "4", "Massageonebodypart",
                                       "",
                                       "JumpToScene",
                                       "MassageMenu"
                                  ]
                    },
                    {
                        "NameOfScene": "Massage her arms.",
                        "theScene": [
                                       "SetChoice", "4", "Massageonebodypart",
                                       "You lift her right arm up and pull her sweater sleeve up revealing her dark, glossy skin. Holding onto her wrist, you gently press your thumbs into her forearm and push outwards as you work your way up her elbow.",
                                       "As you press your thumbs and fingers into her skin, you can faintly feel her muscles. Despite them not being overly visible, you can tell she is fairly strong due to all the hard work she does in the garden.",
                                       "ChangeImageLayer", "Expression", "1", "ClothedSickLewd",
                                       "Speaks",
                                       "Aaahhh...♥ I can f-feel my arms loosening up...♥",
                                       "Arnea happily groans as she sinks back into the bed and pillows as you work your way up her entire arm. Upon reaching her shoulder, Arnea starts to giggle as your fingers slip under her armpits.",
                                       "ChangeImageLayer", "Expression", "1", "ClothedSickBlush",
                                       "Speaks",
                                       "N-n-not there... d-dear... nnnaah.♥",
                                       "With some difficulties due to Arnea's squirming, you finally finish massaging her shoulders as she takes a few deep breaths to recover. After giving her arm a few final strokes, you pull her sweater sleeve down and gently lay her arm back on the bed, before making a start on her other arm.",
                                       "...",
                                       "With both arms taken care off, Arnea happily lays there with her arms spread out while wearing a blissful smile on her face.",
                                       "Speaks",
                                       "Hehehe...♪ So light and... loose.♥",
                                       "JumpToScene",
                                       "MassageMenu"
                                  ]
                    },
                    {
                        "NameOfScene": "Stop giving her a massage.",
                        "theScene": [
                                       "You decide to stop giving her a massage as you cover her up with the bedsheets again. Arnea has her eyes closed as she lets out a satisfied sigh.",
                                       "ChangeImageLayer", "Expression", "1", "ClothedSickBlush",
                                       "Speaks",
                                       "You're way {i}t-too{/i} good... with your hands... dear...♥",
                                       "JumpToScene",
                                       "Arneasickmenu"
                                  ]
                    },
                    {
                        "NameOfScene": "Clean her ears.",
                        "theScene": [
                                       "IfChoice", "1", "Ears cleaned", "Earswarning",
                                       "SetChoice", "1", "Ears cleaned",
                                       "ChangeProgress", "1",
                                       "ChangeImageLayer", "Expression", "1", "ClothedSickLewd",
                                       "Speaks",
                                       "M-my ears... they do feel a little stuffy and... I can't hear too well at t-the minute...",
                                       "Her ears perk up slightly as you move closer to her head. You gently lift her head and place another pillow under her while you take a small cleaning pick out of your bag.",
                                       "As you place a hand on her head, you can feel how warm she is, as you move your hand toward her ear she does not twitch in pleasure like she usually does.",
                                       "ChangeImageLayer", "Expression", "1", "ClothedSick",
                                       "Speaks",
                                       "D-don't worry, dear... my senses are a little dull t-thanks to my cold...",
                                       "You give her ear and forehead a few strokes as she slightly nuzzles your hand.",
                                       "Speaks",
                                       "I'm r-ready when you are...♥",
                                       "You turn her head slightly and bring the small pick towards her ear canal. As you gently move the pick around, she lets out a few slight whimpers as you start to tenderly clean her ears.",
                                       "ChangeImageLayer", "Expression", "1", "ClothedSickBlush",
                                       "Speaks",
                                       "Even with... m-my dulled s-senses this... f-feels really nice...♥",
                                       "You continue to move the pick around her ear canal, making sure not to go too deep or to apply too much force. Arnea wears a blissful smile on her face as she keeps sniffling.",
                                       "You bring the ear pick out of her ear and give it a quick wipe, before putting it back into her ear and resuming.",
                                       "ChangeImageLayer", "Expression", "1", "ClothedSickLewd",
                                       "Arnea gently bites onto her lip as her body twitches a little as you insert the ear pick a little deeper.",
                                       "Speaks",
                                       "Nnnnaaa...♥ T-this is... h-heavenly...♥",
                                       "You give her ear one last go around reaching into every nook and cranny, before removing the ear pick as she gasps in delight.",
                                       "ChangeImageLayer", "Expression", "1", "ClothedSickBlush",
                                       "With one of her ears cleaned, you get up and sit on the other side of the bed, before placing a hand on her head and tilting it away from you.",
                                       "Similar to last time, you give her forehead and ear a few strokes before inserting the pick into her ear canal.",
                                       "ChangeImageLayer", "Expression", "1", "ClothedSickLewd",
                                       "Her body wiggles about a little as you move the pick around, making sure to clean every little part of her.",
                                       "Speaks",
                                       "Y-you're so... g-gentle... m-my love...♥",
                                       "She whimpers again in delight as you work the pick deeper into her ear canal, before removing it and giving it a final clean.",
                                       "Menu",
                                         "Spoil her a little more.",
                                         "Stop cleaning her ears.",
                                         "EndLoop"
                                  ]
                    },
                    {
                        "NameOfScene": "Spoil her a little more.",
                        "theScene": [
                                       "Even though her ears are already nice and clean, you decide to spoil her a little more and give her ears another clean.",
                                       "You gently place the pick into her ear canal and get to work.",
                                       "ChangeImageLayer", "Expression", "1", "ClothedSickBlush",
                                       "Speaks",
                                       "Mmnnn...♥ M-my head feels s-so light...♥",
                                       "Her body continues to twitch in joy as sweet gasps escape her trembling lips.",
                                       "You move the pick in a slow, gentle circle as you work your way down her ear canal. Arnea's body stiffens a little as she lets out a stuffy gasp.",
                                       "ChangeImageLayer", "Expression", "1", "ClothedSickLewd",
                                       "Speaks",
                                       "Aaahhh...♥ Y-you know my e-every... w-weakness...♥",
                                       "With a final few strokes, you pull the pick out of her ear, as Arnea looks up at you with a flushed face.",
                                       "ChangeImageLayer", "Expression", "1", "ClothedSickBlush",
                                       "Speaks",
                                       "T-thank y-you... that was truly l-lovely, dear.♥ M-my ears don't feel as stuffy now.♥",
                                       "She turns around and lovingly nuzzles her head against your lap as you stroke her messy hair.",
                                       "JumpToScene",
                                       "Arneasickmenu"
                                  ]
                    },
                    {
                        "NameOfScene": "Stop cleaning her ears.",
                        "theScene": [
                                       "You decide to stop here for now, as you place the ear pick back into your pocket.",
                                       "ChangeImageLayer", "Expression", "1", "ClothedSickBlush",
                                       "Speaks",
                                       "T-thank y-you... that was truly l-lovely, dear.♥ M-my ears don't feel as stuffy now.♥",
                                       "She turns around and lovingly nuzzles her head against your lap as you stroke her messy hair.",
                                       "JumpToScene",
                                       "Arneasickmenu"
                                  ]
                    },
                    {
                        "NameOfScene": "Earswarning",
                        "theScene": [
                                       "ChangeImageLayer", "Expression", "1", "ClothedSickLewd",
                                       "Speaks",
                                       "Y-your going to pamper my ears a little more? Hehehe...♥",
                                       "JumpToScene",
                                       "Spoil her a little more."
                                  ]
                    },
                    {
                        "NameOfScene": "Wash her body.",
                        "theScene": [
                                       "IfChoice", "2", "Bodywashed", "Washwarning",
                                       "SetChoice", "2", "Bodywashed",
                                       "ChangeImageLayer", "Expression", "1", "ClothedSick",
                                       "Speaks",
                                       "Y-you'll wash my body...? Thank you...♥ it... is a little hard to wash the sweat off my body in my current state.",
                                       "ChangeImageLayer", "Base", "1", "ArneaNude",
                                       "ChangeImageLayer", "Extras", "1", "ArneaEarOverlay",
                                       "ChangeImageLayer", "Expression", "1", "NudeSickBlush",
                                       "ChangeImageLayer", "ExtrasHair", "1", "ArneaMessyHair",
                                       "She blushes a little as you help take her sweater, socks and underwear off. As you look at her, you can see she is covered in sweat due to how her body is glistening in the light.",
                                       "ChangeImageLayer", "Expression", "1", "NudeSickLewd",
                                       "Speaks",
                                       "Gaa... I... l-look and smell t-terrible...",
                                       "Her ears start to droop as she looks down at the bed out of sheer embarrassment.",
                                       "Menu",
                                         "'Don't worry about it.'",
                                         "Hold her hand.",
                                         "EndLoop"
                                  ]
                    },
                    {
                        "NameOfScene": "'Don't worry about it.'",
                        "theScene": [
                                       "ChangeImageLayer", "Expression", "1", "NudeSickBlush",
                                       "Speaks",
                                       "S-sorry... you're right, you have already seen plenty of highs and lows from me already.♥",
                                       "She giggles a little as she thinks about some of the past events the two of you have shared together.",
                                       "JumpToScene",
                                       "Bodywashprep"
                                  ]
                    },
                    {
                        "NameOfScene": "Hold her hand.",
                        "theScene": [
                                       "You reach out and give her hand a gentle squeeze as she looks up at you.",
                                       "ChangeImageLayer", "Expression", "1", "NudeSickBlush",
                                       "Speaks",
                                       "I'm okay now... s-sorry for being a little negative there.♥",
                                       "JumpToScene",
                                       "Bodywashprep"
                                  ]
                    },
                    {
                        "NameOfScene": "Bodywashprep",
                        "theScene": [
                                       "You get up from the bed and head into the kitchen to grab a bucket of water and a towel.",
                                       "As you return to the bedroom, Arnea is sitting on the bed with her back towards you. You approach the bed and place the bucket bedside you, as you grab the towel and dip it into the water.",
                                       "You give the towel a squeeze to wring off some of the water, while Arnea moves her hair to the side revealing her back to you. You trace a hand down her spine as she shudders a little in delight, then you gently place the wet towel against her bare skin.",
                                       "ChangeImageLayer", "Expression", "1", "NudeSickLewd",
                                       "Speaks",
                                       "Mnn...♥ T-that feels n-nice.♥",
                                       "You slowly and gently move the wet towel up and down her back, making sure you clean all the sweat off her body. As you work your way across her body, sweet whimpers leave her lips.",
                                       "Carefully cleaning each curve, you work your way down her arms and give each finger a gentle clean, before working your way back up her arms. As you wet the towel in the bucket again, Arnea leans her back into you as you start to clean her chest and stomach.",
                                       "ChangeImageLayer", "Expression", "1", "NudeSickBlush",
                                       "Speaks",
                                       "Nnaaah...♥ T-that tickles d-dear.♥",
                                       "Using your spare hand, you move her breasts around so you can easily clean the undersides of them. As you work towards her nipples, you notice that they are firm and pointy. Arnea blushes a little as she looks to the side.",
                                       "ChangeImageLayer", "Expression", "1", "NudeSickLewd",
                                       "Speaks",
                                       "Y-your only washing me and... I r-really am shameful...",
                                       "Menu",
                                         "Continue washing her.",
                                         "Tease her a little.",
                                         "EndLoop"
                                  ]
                    },
                    {
                        "NameOfScene": "Tease her a little.",
                        "theScene": [
                                       "You decide to tease her a little by tracing your fingers over her erect nipples, she lets out a few sweet moans as she wiggles about a little from your touch. Due to the combination of her fever and arousal, her dark nipples give off a rather intense heat as you continue to gently stroke them.",
                                       "ChangeImageLayer", "Expression", "1", "NudeSickBlush",
                                       "Speaks",
                                       "Mnnn...♥ A-are you t-teasing me, dear...? T-taking advantage off me w-while I'm sick...♥",
                                       "Despite her words, she shows no signs of disliking it. Instead, she leans into your more as you give her nipples one final squeeze before you resuming washing her.",
                                       "JumpToScene",
                                       "Continue washing her."
                                  ]
                    },
                    {
                        "NameOfScene": "Continue washing her.",
                        "theScene": [
                                       "ChangeImageLayer", "Expression", "1", "NudeSick",
                                       "You work the wet towel around her shoulders and neck as she moves her body around to make it easier for you.",
                                       "Next, you work your way down to her stomach and sides. Arnea giggles and squirms about as you wash her sides, due to her being rather ticklish there. With her front, back and arms now clean, you lay her down on her front.",
                                       "ChangeImageLayer", "Expression", "1", "NudeSickBlush",
                                       "You wet the towel again and begin to wash her plump rear. As you start to wipe her down, Arnea starts to shake her hips as she tightly holds onto her pillow.",
                                       "Speaks",
                                       "R-right there... Mnnn...♥",
                                       "As you spread her rear and clean between her cheeks, her body twitches in response as a sweet smell tickles your nose.",
                                       "You turn her body around to face you and immediately notice her dripping pussy, as Arnea hides her embarrassed face behind her hands.",
                                       "ChangeImageLayer", "Expression", "1", "NudeSickLewd",
                                       "You lift her leg in the air as you work the towel down and around her plump thigh as Arnea twists her body in joy.",
                                       "Working your way down her calves and to her feet, Arnea starts to squirm about while you clean between her toes.",
                                       "With one leg clean you quickly get to work on the other, as Arnea nibbles on her fingers in an attempt to silence her indecent moans.",
                                       "ChangeImageLayer", "Expression", "1", "NudeSickBlush",
                                       "Speaks",
                                       "Y-you're s-s-showing me... no mercy today...♥",
                                       "Now that all of her body is mostly clean, you draw closer to her wet pussy as fluids slowly drips down her thighs. Arnea looks at you with her teary eyes as she erotically pants.",
                                       "ChangeImageLayer", "Expression", "1", "NudeSickLewd",
                                       "Speaks",
                                       "I... I'm a-already close... to my limit...♥",
                                       "Menu",
                                         "Relief her.",
                                         "Finish cleaning her body.",
                                         "EndLoop"
                                  ]
                    },
                    {
                        "NameOfScene": "Relief her.",
                        "theScene": [
                                       "ChangeImageLayer", "Expression", "1", "NudeSickBlush",
                                       "Not wanting to leave her on the edge, you slowly sink a finger into her soft, wet pussy, an intense heat washes over your finger, as her slick walls clamp down on you. Wiggling your finger around inside of her causes her body to spasm uncontrollably, as she faintly squeals in delight.",
                                       "Speaks",
                                       "D-d-dear...♥ j-j-just a bit... m-more...♥",
                                       "You continue to drag your finger across her slick, bumpy walls as copius amounts of fluids leak out and coat your fingers and hand, sensing she is at her limit, you drive your finger as deep as it can go, as her body goes stiff.",
                                       "ChangeImageLayer", "Expression", "1", "NudeOrgasm",
                                       "Arnea groans a little as she tightly holds onto the bedsheets, then she lets out a blissful howl as her back arches and her legs give out.",
                                       "Speaks",
                                       "Nnaaah!♥",
                                       "Her already tight pussy clamps around your finger even more as she rides out her orgasm.",
                                       "ChangeImageLayer", "Expression", "1", "NudeSickBlush",
                                       "A few moments pass and Arnea basks in her afterglow, as you remove your finger from her pussy, fluids drip down her crotch as you start to gently clean her up with the wet towel.",
                                       "...",
                                       "With her body now clean and relieved, you lay next to Arnea as you hold her in your arms, while she weakly nuzzles up against you as she speaks.",
                                       "ChangeImageLayer", "Expression", "1", "NudeSick",
                                       "Speaks",
                                       "I... thank you, for e-everything today dear.♥ Having you keep me company... really cheered me up.♥",
                                       "The two of you cuddle and caress one another while you enjoy the moment.",
                                       "JumpToScene",
                                       "Arneasickmenulast"
                                  ]
                    },
                    {
                        "NameOfScene": "Finish cleaning her body.",
                        "theScene": [
                                       "You quickly and gently wipe around her crotch and thighs, cleaning all the sweat and fluids up. Arnea looks a little sad that you left her hanging, but quickly smiles as she thanks you for your care.",
                                       "ChangeImageLayer", "Expression", "1", "NudeSick",
                                       "Speaks",
                                       "I'm grateful for e-everything today dear.♥ I... feel so much better now... thank you for nursing me.♥",
                                       "The two of you enjoy the moment, as you go to cuddle with her for a while while she plays with your hair.",
                                       "JumpToScene",
                                       "Arneasickmenulast"
                                  ]
                    },
                    {
                        "NameOfScene": "Stay over and cuddle with her.",
                        "theScene": [
                                       "ChangeImageLayer", "Expression", "1", "NudeSick",
                                       "Speaks",
                                       "Hehehe... I really am being spoiled.♪ Today went from terrible to... amazing.♥",
                                       "Arnea squirms about in your arms as she looks forward to your company.",
                                       "ChangeImageLayer", "Expression", "1", "NudeSickBlush",
                                       "Speaks",
                                       "W-would you mind fetching my nightwear, dear?",
                                       "You stop cuddling with Arnea as you grab her sweater, underwear and socks, and bring them to her wardrobe. You neatly lay them inside while taking out her nightdress and stockings.",
                                       "Arnea sits on the bed as she sticks a leg out and wiggles her toes with a playful smile on her face.",
                                       "ChangeImageLayer", "Expression", "1", "NudeSick",
                                       "Menu",
                                         "Tickle her feet.",
                                         "Kiss her foot.",
                                         "Put her stockings on.",
                                         "EndLoop"
                                  ]
                    },
                    {
                        "NameOfScene": "Tickle her feet.",
                        "theScene": [
                                       "You decide to tease her a little, as you hold her foot with one hand and tickle her toes with the other. Arnea starts to squirm about while she giggles and gasps from your sudden surprise attack.",
                                       "ChangeImageLayer", "Expression", "1", "NudeSickLewd",
                                       "Speaks",
                                       "N-nnaaa!♥ T-t-that... t-tickles, m-m-my love.♥",
                                       "You make sure each of her toes is equally loved and tickled before stopping. Arnea slumps onto the bed as she takes a few deep breaths while giving you a pouty face.",
                                       "ChangeImageLayer", "Expression", "1", "NudePout",
                                       "Speaks",
                                       "T-that was mean...",
                                       "ChangeImageLayer", "Expression", "1", "NudeSickLewd",
                                       "Speaks",
                                       "But also k-kind of nice...♥",
                                       "Deciding that you have teased her enough for now, you help Arnea get changed into her nightwear.",
                                       "JumpToScene",
                                       "Put her stockings on."
                                  ]
                    },
                    {
                        "NameOfScene": "Kiss her foot.",
                        "theScene": [
                                       "You hold her foot with your hand, as you bring your lips to her toes and give them a little kiss. Arnea's ears twitch a little as she blushes.",
                                       "ChangeImageLayer", "Expression", "1", "NudeSickBlush",
                                       "Speaks",
                                       "E-even now, you find new ways to surprise me.♥",
                                       "You continue to shower her feet in kisses as Arnea lovingly watches.",
                                       "ChangeImageLayer", "Expression", "1", "NudeSick",
                                       "You give her foot a final kiss, as you help Arnea get changed into her nightwear.",
                                       "JumpToScene",
                                       "Put her stockings on."
                                  ]
                    },
                    {
                        "NameOfScene": "Put her stockings on.",
                        "theScene": [
                                       "You pick up one of her stockings and gently lift her foot as you guide her toes into it. Holding her foot with one hand, you grab the stocking with the other and slowly slide it up her leg. As you pull the stocking past her knee, Arnea lifts her leg a little higher making it easier to slide the stocking down her soft, plump thighs.",
                                       "With her stocking now fully on, you give the fabric near the toes a gentle pull making sure it is properly fitted, then you give the rim of the stocking a little pull as well so that it rests comfortably against her thigh. Lastly, you give her foot a quick kiss as Arnea giggles a little while you start getting ready to put her other stocking on.",
                                       "ChangeImageLayer", "Expression", "1", "NudeSickBlush",
                                       "Speaks",
                                       "You're taking this very seriously but... that's just one of the many things I love about you, dear.♥",
                                       "You slowly lift her other foot and guide her toes into the stocking as you slide it over her leg. Arnea continues to blush as she watches you slowly slide it over her thigh. Like before, you give the fabric near the toes a little pull as well as the rim, ensuring her stocking is nice and snug.",
                                       "ChangeImageLayer", "ClothingExtra", "1", "NudeStocking1",
                                       "ChangeImageLayer", "Expression", "1", "NudeSick",
                                       "Speaks",
                                       "Hmmm... I give you a... perfect score for putting my stockings on.♪",
                                       "She gives you a cute smile while she strokes your chest with her feet.",
                                       "ChangeImageLayer", "Expression", "1", "NudeSickLewd",
                                       "Speaks",
                                       "Now for my nightdress.♥",
                                       "She turns around and wiggles her way over to your lap as she slowly raises her arms into the air. You grab her nightdress and guide her arms into it as you slowly slide it over her curves. You give the nightdress a little tug making sure it fully fits around her breasts. Finally, you grab her hair and move it towards you so that it is not stuck inside her nightdress.",
                                       "ChangeImageLayer", "Clothing", "1", "NudeWear1",
                                       "Now that Arnea is fully dressed in her nightwear she leans her head against your chest as she looks up at you.",
                                       "IfChoice", "6", "Notstayingover", "Tuckintobed",
                                       "ChangeImageLayer", "Base", "1", "ArneaNudeCuddle",
                                       "ChangeImageLayer", "Expression", "1", "NudeSickLewd",
                                       "ChangeImageLayer", "Clothing", "1", "NudeCuddleWear1",
                                       "ChangeImageLayer", "ClothingExtra", "1", "NudeCuddleStocking1",
                                       "ChangeImageLayer", "Extras", "1", "",
                                       "Speaks",
                                       "Ready to go to bed, my love?♥",
                                       "You stroke her hair a few times as you go to lay down on the bed, Arnea quickly follows behind you as she lays on top of your chest. Arnea wiggles about as she gets comfortable, then wraps her arms around your neck while nuzzling into you. You try to move a little, but as you do, Arnea spreads her legs and wraps them around yours locking you in place.",
                                       "Unable to do anything else, you place one hand on her back and the other on her rear as she purrs in delight while you caress her.",
                                       "ChangeImageLayer", "Expression", "1", "NudeSickBlush",
                                       "Speaks",
                                       "What a truly d-delightful way to end the day.♪ Good night, dear.♥",
                                       "She happily strokes your hair while you caress her body. You listen to Arnea's happy, gentle breathing as the two of you slowly fall asleep to one another's warmth.",
                                       "...",
                                       "SleepPlayer", "DelayNotifications",
                                       "Morning comes as you slowly wake up, looking down, Arnea is still fast a sleep with her body tightly wrapped around yours. Despite you sleeping in an awkward position, you body does not feel sore of stiff in the slightest.",
                                       "ChangeImageLayer", "Expression", "1", "NudeSickLewd",
                                       "Speaks",
                                       "Hehehe... n-not there, dear...♥ Mmmnnn...♥",
                                       "Arnea wiggles about slightly as she continues to whisper in her sleep. You place a hand on her forehead and notice she no longer has a fever, nor is her body as sweaty as it was yesterday.",
                                       "Since you stand no chance of moving until Arnea wakes up, you decide to rest for a little longer, as she rubs her against your chest with a smile on her face.",
                                       "ChangeImageLayer", "Expression", "1", "NudeSickBlush",
                                       "Speaks",
                                       "N-not my... ears...♥ Nnnaaa...♥",
                                       "You gently stoke her hair as you rest your eyes for a bit longer.",
                                       "...",
                                       "RestPlayer",
                                       "A few more hours pass as you slowly wake up again, this time Arnea lets out a few groans as she starts to wake up as well.",
                                       "ChangeImageLayer", "Expression", "1", "NudeSick",
                                       "Speaks",
                                       "M-morning already...",
                                       "She looks up and peers out the window before realizing how late it is.",
                                       "ChangeImageLayer", "Expression", "1", "NudeSickBlush",
                                       "Speaks",
                                       "I-its already t-t-this late?!",
                                       "She quickly tries to get up, but stops as you pat her hair down into a more presentable state.",
                                       "ChangeImageLayer", "Expression", "1", "NudeBlush",
                                       "Speaks",
                                       "I'm s-sorry... with how much you spoiled me yesterday I... thank you for everything, my love.♥",
                                       "She sits on the bed as you slowly rise to join her.",
                                       "ChangeImageLayer", "Expression", "1", "NudeHappy",
                                       "Speaks",
                                       "Usually I still feel a little sluggish after my cold, but thanks to your care yesterday and last night I feel better than ever.♥",
                                       "She jumps into your arms as she showers you with kisses as a thank you.",
                                       "ChangeImageLayer", "Expression", "1", "NudeBlush",
                                       "Speaks",
                                       "As much as I want to stay here showering you in kisses, I have already kept you long enough.",
                                       "ChangeImageLayer", "Base", "1", "ArneaNude",
                                       "ChangeImageLayer", "Clothing", "1", "NudeWear1",
                                       "ChangeImageLayer", "ClothingExtra", "1", "NudeStocking1",
                                       "ChangeImageLayer", "ExtrasHair", "1", "ArneaMessyHair",
                                       "ChangeImageLayer", "Extras", "1", "ArneaEarOverlay",
                                       "Arnea crawls out of her bed as she helps you get your gear ready, before holding your hand and leading you over to the front door.",
                                       "ChangeImageLayer", "Expression", "1", "NudeLewd",
                                       "Speaks",
                                       "Thank you again for spending time with me yesterday I really appreciate it.♥",
                                       "She gives your hand a gentle squeeze as she leans in to kiss you on the lips, satisfied, she pulls away and waves you off as you head back into town.",
                                       "GoToTown"
                                  ]
                    },
                    {
                        "NameOfScene": "Tuck her into bed and leave.",
                        "theScene": [
                                       "SetChoice", "6", "Notstayingover",
                                       "ChangeImageLayer", "Expression", "1", "NudeSick",
                                       "Speaks",
                                       "Would you mind h-helping me get dressed first?♥",
                                       "You stop cuddling with Arnea as you grab her sweater, underwear and socks, and bring them to her wardrobe. You neatly lay them inside while taking out her nightdress and stockings.",
                                       "Arnea sits on the bed as she sticks a leg out and wiggles her toes with a playful smile on her face.",
                                       "ChangeImageLayer", "Expression", "1", "NudeSickBlush",
                                       "Menu",
                                         "Tickle her feet.",
                                         "Kiss her foot.",
                                         "Put her stockings on.",
                                         "EndLoop"
                                  ]
                    },
                    {
                        "NameOfScene": "Tuckintobed",
                        "theScene": [
                                       "ChangeImageLayer", "Expression", "1", "NudeSickBlush",
                                       "Speaks",
                                       "I'm a little sad you are leaving but... you have already spoiled me enough today.♪ You did not need to... yet you still made some time for me so... t-thank you so much, dear.♥",
                                       "She gives you a loving smile as you let go of her and tuck her into bed. She peaks out of the bedsheets at you while her ears slightly wiggle about, like she is waiting for something.",
                                       "Menu",
                                         "Kiss her forehead.",
                                         "Say goodbye and leave.",
                                         "EndLoop"
                                  ]
                    },
                    {
                        "NameOfScene": "Kiss her forehead.",
                        "theScene": [
                                       "You lean in and give her a gentle kiss on the forehead, Arnea happily giggles to herself as she seems happy with your little treat.",
                                       "ChangeImageLayer", "Expression", "1", "NudeSickLewd",
                                       "Speaks",
                                       "Hehehe...♪ Goodnight, my love.♥",
                                       "You look at Arnea one last time before leaving her room and closing the door. You quickly collect your belongings and make sure everything is in order, as you exit her house and head back to town.",
                                       "GoToTown"
                                  ]
                    },
                    {
                        "NameOfScene": "Say goodbye and leave.",
                        "theScene": [
                                       "ChangeImageLayer", "Expression", "1", "NudeSick",
                                       "You say goodbye to Arnea as you start to walk towards the bedroom door. She looks a little sad that you did not give her a final treat, but she still sees you off with a smile.",
                                       "As you close her bedroom door, you quickly collect your belongings and make sure everything is in order, as you exit her house and head back to town.",
                                       "GoToTown"
                                  ]
                    },
                    {
                        "NameOfScene": "Event Broke",
                        "theScene": [
                                       "Arnea was the only one who was supposed to have a bug..."
                                  ]
                    }



                ]
}
