{
    "name": "Gardenevent",
    "CardType": "Event",
    "CardLimit": "0",
    "Description": "",
    "requires": [ ""],
    "requiresEvent": [
                        {
                          "NameOfEvent": "",
                          "Progress": "-99",
                          "ChoiceNumber": "-1",
                          "Choice": ""
                        }
                      ],
    "Speakers": [
                  {
                    "name": "Arnea",
                    "postName": "",
                    "SpeakerType": "Monster"
                  },
                  {
                    "name": "Alraune",
                    "postName": "",
                    "SpeakerType": "Monster"
                  }

                ],
    "EventText": [
                    {
                        "NameOfScene": "Gardentalkmenu",
                        "theScene": [
                                       "Menu",
                                          "Offer to help her in the garden.",
                                          "RequiresChoice", "2", "Helpingarden", "Garden guide.",
                                          "RequiresChoice", "2", "Helpingarden", "RequiresTime", "Morning", "Garden time.",
                                          "RequiresChoiceFromEvent", "Sleepover", "1", "Firstsleepover", "'How about setting up an area for the Alraune?'",
                                          "RequiresChoice", "5", "Alraunequestdone", "Ask how the Alraune garden is doing.",
                                          "Return.",
                                          "EndLoop"
                                  ]
                    },
                    {
                        "NameOfScene": "Garden guide.",
                        "theScene": [
                                      "You can only help Arnea out in the garden during the morning. Whilst in the garden menu, choose which seeds you want to plant, then check on them each time you visit, up to four crops can be grown at once. After a few visits, the crops can be harvested and you will get some as a reward. You can either sell the crops in town for extra money or give them to Arnea to make special food dishes.",
                                      "Don't worry the crops won't die if you ignore them, Arnea will keep them nice and healthy for you.",
                                      "JumpToScene",
                                      "Gardentalkmenu"
                                  ]
                    },
                    {
                        "NameOfScene": "Offer to help her in the garden.",
                        "theScene": [
                                      "IfChoice", "2", "Helpingarden", "Helpingardenrepeat",
                                      "IfChoice", "1", "Introgarden", "Repeatgardenhelp",
                                      "SetChoice", "1", "Introgarden",
                                      "ChangeImageLayer", "Expression", "1", "ClothedHappy",
                                      "Speaks",
                                      "SwapLineIf", "OtherEventsChoice", "ReturnHomeVisit",
                                      "7", "Couple", "You want to lend me a hand in the garden, dear?♥",
                                      "7", "", "Y-you wish to help in my garden?",
                                      "EndLoop",
                                      "ChangeImageLayer", "Expression", "1", "ClothedLewd",
                                      "Speaks",
                                      "SwapLineIf", "OtherEventsChoice", "ReturnHomeVisit",
                                      "7", "Couple", "Having you helping out would be great, plus your company would be appreciated as well.♪",
                                      "7", "", "I could c-certainly use the help and... the c-company would be nice but...",
                                      "EndLoop",
                                      "ChangeImageLayer", "Expression", "1", "ClothedBlush",
                                      "Speaks",
                                      "SwapLineIf", "OtherEventsChoice", "ReturnHomeVisit",
                                      "7", "Couple", "However, the work is not easy and you will get pretty dirty. Knowing this, do you still wish to help out, my love?♥",
                                      "7", "", "The w-work is tough, demanding and rather dirty. D-do you still wish to help knowing this?",
                                      "EndLoop",
                                      "She plays with her hands a little as she waits for your response.",
                                      "Menu",
                                        "'I like a challenge.'",
                                        "'On second though, I'll pass.'",
                                        "EndLoop"
                                  ]
                    },
                    {
                        "NameOfScene": "Helpingardenrepeat",
                        "theScene": [
                                      "ChangeImageLayer", "Expression", "1", "ClothedHappy",
                                      "Speaks",
                                      "SwapLineIf", "OtherEventsChoice", "ReturnHomeVisit",
                                      "7", "Couple", "You're already helping me out in the garden, dear.♥",
                                      "7", "", "You're already h-helping me out in the garden silly.",
                                      "EndLoop",
                                      "She giggles a little as your face turns a little red out of embarrassment.",
                                      "JumpToScene",
                                      "Gardentalkmenu"
                                  ]
                    },
                    {
                        "NameOfScene": "Repeatgardenhelp",
                        "theScene": [
                                      "ChangeImageLayer", "Expression", "1", "ClothedHappy",
                                      "Speaks",
                                      "SwapLineIf", "OtherEventsChoice", "ReturnHomeVisit",
                                      "7", "Couple", "Changed your mind, dear?",
                                      "7", "", "H-have you changed your mind?",
                                      "EndLoop",
                                      "ChangeImageLayer", "Expression", "1", "ClothedBlush",
                                      "Speaks",
                                      "SwapLineIf", "OtherEventsChoice", "ReturnHomeVisit",
                                      "7", "Couple", "As I mentioned, the work is tough, demanding and very dirty. Are sure you still want to help me out?",
                                      "7", "", "Again, the w-work is tough, demanding and dirty. Are y-you sure?",
                                      "EndLoop",
                                      "She plays with her hands a little as she waits for your response.",
                                      "Menu",
                                        "'I like a challenge.'",
                                        "'On second though, I'll pass.'",
                                        "EndLoop"
                                  ]
                    },
                    {
                        "NameOfScene": "'I like a challenge.'",
                        "theScene": [
                                      "SetChoice", "2", "Helpingarden",
                                      "ChangeImageLayer", "Expression", "1", "ClothedHappy",
                                      "Speaks",
                                      "SwapLineIf", "OtherEventsChoice", "ReturnHomeVisit",
                                      "7", "Couple", "You do? Thats wonderful, my love!♥",
                                      "7", "", "R-really?! That's wonderful!",
                                      "EndLoop",
                                      "She wiggles about with a bright smile on her face as you decide to help her in the garden.",
                                      "ChangeImageLayer", "Expression", "1", "ClothedBlush",
                                      "Speaks",
                                      "SwapLineIf", "OtherEventsChoice", "ReturnHomeVisit",
                                      "7", "Couple", "Perfect, now where to start... okay. Typically I'll need help with the planting, watering, weeding and harvesting of the crops. Of course you can keep any of the produce you grow as a thank you as well. I can't wait to get started!♪",
                                      "7", "", "Okay, w-where to start... right. Typically I'll n-need help with the planting, watering, weeding and harvesting of the crops. Of course I'll r-reward you with some of the produce as a thank you.",
                                      "EndLoop",
                                      "ChangeImageLayer", "Expression", "1", "ClothedBase",
                                      "Speaks",
                                      "SwapLineIf", "OtherEventsChoice", "ReturnHomeVisit",
                                      "7", "Couple", "Oh, I should also mention that I only do the garden work in the morning. I'm usually too tired to work any longer than that.",
                                      "7", "", "Oh, one o-other important thing to note is I tend to the g-garden in the morning. I'm usually too tired to work any longer t-than that.",
                                      "EndLoop",
                                      "Arnea reaches up to her hair and moves it to the side as she looks you in the eyes.",
                                      "ChangeImageLayer", "Expression", "1", "ClothedHappy",
                                      "Speaks",
                                      "SwapLineIf", "OtherEventsChoice", "ReturnHomeVisit",
                                      "7", "Couple", "I look forward to working with you, dear!♥",
                                      "7", "", "All in a-all, I look forward to you help.♪",
                                      "EndLoop",
                                      "It looks like you are going to rather busy from here on out.",
                                      "JumpToScene",
                                      "Gardentalkmenu"
                                  ]
                    },
                    {
                        "NameOfScene": "'On second though, I'll pass.'",
                        "theScene": [
                                      "ChangeImageLayer", "Expression", "1", "ClothedSad",
                                      "Speaks",
                                      "SwapLineIf", "OtherEventsChoice", "ReturnHomeVisit",
                                      "7", "Couple", "I understand, my love. I was looking forward to your potential help though...",
                                      "7", "", "I... u-understand. It's not for e-everyone...",
                                      "EndLoop",
                                      "Arnea looks a little sad that you don't want to do some gardening with her.",
                                      "ChangeImageLayer", "Expression", "1", "ClothedLewd",
                                      "Speaks",
                                      "SwapLineIf", "OtherEventsChoice", "ReturnHomeVisit",
                                      "7", "Couple", "If you ever change your mind though, let me know!♪",
                                      "7", "", "I-if you ever change your mind... the o-offer still stands.",
                                      "EndLoop",
                                      "JumpToScene",
                                      "Gardentalkmenu"
                                  ]
                    },
                    {
                        "NameOfScene": "Garden time.",
                        "theScene": [
                                      "IfChoice", "3", "Dailygardening", "Nogardenforyou",
                                      "SetChoice", "3", "Dailygardening",
                                      "ChangeImageLayer", "Expression", "1", "ClothedHappy",
                                      "Speaks",
                                      "SwapLineIf", "OtherEventsChoice", "ReturnHomeVisit",
                                      "7", "Couple", "Yay! Garden time.♪",
                                      "7", "", "Okay, lets go i-into the garden then.",
                                      "EndLoop",
                                      "SwapLineIf", "OtherEventsChoice", "ReturnHomeVisit",
                                      "7", "Couple", "Arnea grabs your hand and practicaly drags you to the garden.",
                                      "7", "", "The two of head out the house and make your way towards the garden.",
                                      "EndLoop",
                                      "JumpToScene",
                                      "GardeningMenu"
                                  ]
                    },
                    {
                        "NameOfScene": "Nogardenforyou",
                        "theScene": [
                                      "You and Arnea are already tired from working in the garden, try again tomorrow.",
                                      "JumpToScene",
                                      "Gardentalkmenu"
                                  ]
                    },
                    {
                        "NameOfScene": "GardeningMenu",
                        "theScene": [
                                      "Menu",
                                        "Plant spot 1.",
                                        "Plant spot 2.",
                                        "Plant spot 3.",
                                        "Plant spot 4.",
                                        "Finished gardening.",
                                        "EndLoop"
                                  ]
                    },
                    {
                        "NameOfScene": "Plant spot 1.",
                        "theScene": [
                                       "JumpToEventThenScene",
                                       "Crop spot 1",
                                       "Plant menu1"
                                  ]
                    },
                    {
                        "NameOfScene": "Plant spot 2.",
                        "theScene": [
                                       "JumpToEventThenScene",
                                       "Crop spot 2",
                                       "Plant menu2"
                                  ]
                    },
                    {
                        "NameOfScene": "Plant spot 3.",
                        "theScene": [
                                       "JumpToEventThenScene",
                                       "Crop spot 3",
                                       "Plant menu3"
                                  ]
                    },
                    {
                        "NameOfScene": "Plant spot 4.",
                        "theScene": [
                                       "JumpToEventThenScene",
                                       "Crop spot 4",
                                       "Plant menu4"
                                  ]
                    },
                    {
                        "NameOfScene": "Finished gardening.",
                        "theScene": [
                                      "GetEventAndIfChoice", "ReturnHomeVisit", "7", "Couple", "Coupleleavinggarden",
                                      "ChangeImageLayer", "Expression", "1", "ClothedHappy",
                                      "Speaks",
                                      "Thank y-you, for your hard work today.",
                                      "She gives you a warm smile as the two of you head back into the house.",
                                      "JumpToScene",
                                      "Gardentalkmenu"
                                  ]
                    },
                    {
                        "NameOfScene": "Coupleleavinggarden",
                        "theScene": [
                                      "ChangeImageLayer", "Expression", "1", "ClothedBlush",
                                      "Speaks",
                                      "Great work, dear.♥ Let's head inside.",
                                      "Arnea gives you a kiss on the cheek as the two of you head back inside hand in hand.",
                                      "JumpToScene",
                                      "Gardentalkmenu"
                                  ]
                    },
                    {
                        "NameOfScene": "'How about setting up an area for the Alraune?'",
                        "theScene": [
                                       "IfChoice", "5", "Alraunequestdone", "Alraunegardendonedialogue",
                                       "IfChoice", "5", "Alraunequeststart", "Readyupmenu",
                                       "SetChoice", "5", "Alraunequeststart",
                                       "ChangeImageLayer", "Expression", "1", "ClothedLewd",
                                       "Speaks",
                                       "The Alraune...?",
                                       "Arnea stands there as she thinks to herself, after a moment she takes you hand and looks you in the eyes.",
                                       "ChangeImageLayer", "Expression", "1", "ClothedBlush",
                                       "Speaks",
                                       "I think I'm ready thanks to you, dear.♥ I wanted to clear things up with them for a little while now but... was unsure on how to do so. Setting up a area for them that uses my special blend is a great idea.",
                                       "She starts pacing around as she decides on where to set up the area. She grabs a few small rocks and places them down to form a grid, just a small distance away from her garden.",
                                       "ChangeImageLayer", "Expression", "1", "ClothedHappy",
                                       "Speaks",
                                       "This would be perfect, its far enough away from my crops and big enough for a few Alraune to rest. Would you mind helping me with the set up?",
                                       "Menu",
                                         "'Of course.'",
                                         "'It's why I brought the idea up in the first place.'",
                                         "EndLoop"
                                  ]
                    },
                    {
                        "NameOfScene": "Alraunegardendonedialogue",
                        "theScene": [
                                       "You have already set up the Alraune garden and informed them about it.",
                                       "JumpToScene",
                                       "Gardentalkmenu"
                                  ]
                    },
                    {
                        "NameOfScene": "'Of course.'",
                        "theScene": [
                                       "ChangeImageLayer", "Expression", "1", "ClothedBlush",
                                       "Speaks",
                                       "Great, I'm counting on you.♪",
                                       "JumpToScene",
                                       "Alraunegardenprep"
                                  ]
                    },
                    {
                        "NameOfScene": "'It's why I brought the idea up in the first place.'",
                        "theScene": [
                                       "ChangeImageLayer", "Expression", "1", "ClothedBlush",
                                       "Speaks",
                                       "Let's do this then.♪",
                                       "JumpToScene",
                                       "Alraunegardenprep"
                                  ]
                    },
                    {
                        "NameOfScene": "Alraunegardenprep",
                        "theScene": [
                                       "You grab a spade and make a start on digging up the grass in the area Arnea marked out. While Arnea gets to work on making the soil mix.",
                                       "RestPlayer",
                                       "A few tiring hours pass, but the two of you finally finish with the prep work. Before you sits a nice open area, that is filled with Arnea's special soil mix. You wipe the sweat from your brow as Arnea leans on your shoulder.",
                                       "ChangeImageLayer", "Expression", "1", "ClothedHappy",
                                       "Speaks",
                                       "I never imagined I would be doing this, its thanks to you that I feel I can do this. Now we just need to let the Alraune know they can rest here. Ready to go hunting?",
                                       "JumpToScene",
                                       "Alraunemenu01"
                                  ]
                    },
                    {
                        "NameOfScene": "Alraunemenu01",
                        "theScene": [
                                       "Menu",
                                         "'I'm ready when you are.'",
                                         "'Maybe another time.'",
                                         "EndLoop"
                                  ]
                    },
                    {
                        "NameOfScene": "'Maybe another time.'",
                        "theScene": [
                                       "ChangeImageLayer", "Expression", "1", "ClothedBlush",
                                       "Speaks",
                                       "Okay dear, there is no rush. Just ask me again when you are ready.",
                                       "JumpToScene",
                                       "Gardentalkmenu"
                                  ]
                    },
                    {
                        "NameOfScene": "Readyupmenu",
                        "theScene": [
                                       "ChangeImageLayer", "Expression", "1", "ClothedHappy",
                                       "Speaks",
                                       "The Alraune garden is all ready, we just need to let them know. Ready to go hunting?",
                                       "JumpToScene",
                                       "Alraunemenu01"
                                  ]
                    },
                    {
                        "NameOfScene": "'I'm ready when you are.'",
                        "theScene": [
                                       "SetChoice", "5", "Alraunequestdone",
                                       "ChangeBGM", "music/Forest/hitoriame.mp3",
                                       "ChangeImageLayer", "Expression", "1", "ClothedHappy",
                                       "Speaks",
                                       "Great.♪ It should not take too long to find one.",
                                       "You take Arnea's hand as the two of you head into the Mystic forest in search of Alraune. As you head deeper into the forest, you can hear an assortment of erotic sounds coming from most directions. Arnea holds onto your hand a little tighter as she keeps herself close to you.",
                                       "ChangeImageLayer", "Expression", "1", "ClothedBlush",
                                       "Speaks",
                                       "I'm always on edge this deep in the forest, you never know who will pop out to challenge you.",
                                       "ChangeImageLayer", "Expression", "1", "ClothedHappy",
                                       "Speaks",
                                       "Luckily, my fear make me quick on my feet, so I normally outrun any potential threats. But I feel much safer and calmer with you by my side.♥",
                                       "A few minutes pass and you do not run into anyone, however, as you make your way through a clearing, you see a lone Alraune who is lazing around. She notices you and gets a little excited, but she slowly looses interest as she notices you holding hands with an Elf.",
                                       "DisplayCharacters",
                                       "1",
                                       "2",
                                       "EndLoop",
                                       "ChangeImageLayer", "Expression", "Alraune", "Caring",
                                       "ChangeImageLayer", "Expression", "Arnea", "ClothedBlush",
                                       "Speaks2",
                                       "Looks like you have already been claimed... shame, you are just my type.♥",
                                       "She looks you up and down one last time before relaxing back into her flower. Arnea fidgets about a little as she steps forward.",
                                       "ChangeImageLayer", "Expression", "Arnea", "ClothedLewd",
                                       "Speaks",
                                       "E-excuse me...",
                                       "ChangeImageLayer", "Expression", "Alraune", "Base",
                                       "Speaks2",
                                       "Hmmm? Need something Elf?",
                                       "Arnea holds onto her sweater as she looks the Alraune in the eyes.",
                                       "ChangeImageLayer", "Expression", "Arnea", "ClothedBlush",
                                       "Speaks",
                                       "I-I... I recently set up an a-area near my house... that y-you are free to relax in...",
                                       "Arnea quickly covers her face with her hands as she finsishes talking. The Alraune gives her a somewhat confused look as she talks.",
                                       "ChangeImageLayer", "Expression", "Alraune", "Caring",
                                       "Speaks2",
                                       "You set an area up for us? It will be difficult for us to encounter adventures in this area no? I see no benefits to this.",
                                       "The Alraune goes back to lazing around as she dismisses Arnea's offer, however, Arnea does not back down and speaks to the Alraune again.",
                                       "ChangeImageLayer", "Expression", "Arnea", "ClothedLewd",
                                       "Speaks",
                                       "T-this area contains a special soil mix I made that is high in nutrients. Some Alraune's h-have shown a keen interst in it in the past.",
                                       "The Alraune starts to show some interest in Arnea's offer.",
                                       "ChangeImageLayer", "Expression", "Alraune", "Base",
                                       "Speaks2",
                                       "Hmmm... I do remember some of my sisters mentioning a patch of land that was highly nutrishes. However, they stopped going there as they were chased off.",
                                       "Arnea starts to fidget about again as she tries to muster up the courage to speak again.",
                                       "ChangeImageLayer", "Expression", "Arnea", "ClothedBlush",
                                       "Speaks",
                                       "I... I'm s-sorry!",
                                       "Arnea lowers her head as she apologises to the Alraune, who gets a little flustered from Arnea's sudden outburst.",
                                       "Speaks",
                                       "I did chase off s-some Alraune in the past but... that was because they were damaging my crops while they took r-root in my garden. However, I have set up a separate area now t-that is free for you to use.",
                                       "Arnea lowers her head again as she waits for the Alraune's response.",
                                       "ChangeImageLayer", "Expression", "Alraune", "Happy",
                                       "Speaks2",
                                       "I see... if it wont be a problem for you, we will happily accept your offer. This soil of yours sounds like it will do wonders for our skin and flowers, adventures wont be able to resist us.♥",
                                       "The Alraune starts to smile as she thinks about the fun she could have in the future.",
                                       "ChangeImageLayer", "Expression", "Alraune", "Seductive",
                                       "Speaks2",
                                       "I'll spread the word to the others then. Though it is odd to see an Elf showing interest in something other than reproduction.",
                                       "Arnea's face starts to burn red as she stutters.",
                                       "ChangeImageLayer", "Expression", "Arnea", "ClothedShockHorny",
                                       "Speaks",
                                       "I-I... t-thats...",
                                       "She looks over at you as she struggles to find the words to say.",
                                       "ChangeImageLayer", "Expression", "Alraune", "Happy",
                                       "Speaks2",
                                       "Its fine, there is no need to explain yourself. I am rather jealous of the man you have found for yourself though. Hopefully, I'll find myself a nice male I can cover in sweet nectar and indulge in.♥",
                                       "She gives her a breast a firm squeeze as some nectar drips from her lips. Arnea quickly thanks the Alraune and takes your hand, as she drags you away before anything happens.",
                                       "ChangeBGM", "music/Forest/Starry sky.mp3",
                                       "DisplayCharacters",
                                       "1",
                                       "EndLoop",
                                       "ChangeImageLayer", "Expression", "1", "ClothedBlush",
                                       "After a few moments, Arnea stops walking as she lets out a long deep breath.",
                                       "Speaks",
                                       "T-That was truly terrifying... I thought I was g-going to pass out from stress.",
                                       "Arnea continues to take a few deep breaths, as she slowly regains her composure.",
                                       "Menu",
                                         "Pat her head.",
                                         "'I'm proud of you.'",
                                         "EndLoop"
                                  ]
                    },
                    {
                        "NameOfScene": "Pat her head.",
                        "theScene": [
                                       "ChangeImageLayer", "Expression", "1", "ClothedHappy",
                                       "Speaks",
                                       "Hehehe...♪ Dear rewarded me.♥",
                                       "Her ears wiggle about as she nuzzles her head against your hand, while you spoil her a little for doing a good job.",
                                       "JumpToScene",
                                       "Alrauneposttalk"
                                  ]
                    },
                    {
                        "NameOfScene": "'I'm proud of you.'",
                        "theScene": [
                                       "ChangeImageLayer", "Expression", "1", "ClothedHappy",
                                       "Speaks",
                                       "Hehehe...♪ Dear praised me.♥",
                                       "Arnea happily sways from side to side as she smiles at you.",
                                       "JumpToScene",
                                       "Alrauneposttalk"
                                  ]
                    },
                    {
                        "NameOfScene": "Alrauneposttalk",
                        "theScene": [
                                       "ChangeImageLayer", "Expression", "1", "ClothedBlush",
                                       "Speaks",
                                       "Okay, today was a success, hopefully everything works out.",
                                       "She takes you hand in hers as the two of you head back home to celebrate.",
                                       "As you make your way through the Mystic forest, Arnea's home comes into view, as the two of you head inside and sit down at the table.",
                                       "ChangeImageLayer", "Expression", "1", "ClothedHappy",
                                       "Speaks",
                                       "Thank you, for today, dear.♥",
                                       "ChangeBGM", "music/Forest/Elven-Sanctuary_loop.OGG",
                                       "JumpToEventThenScene",
                                       "ReturnHomeVisit",
                                       "ArneaHomeTalkMenu1"
                                  ]
                    },
                    {
                        "NameOfScene": "Ask how the Alraune garden is doing.",
                        "theScene": [
                                       "ChangeImageLayer", "Expression", "1", "ClothedHappy",
                                       "Speaks",
                                       "It's going a little too good. Its always filled to capacity near enough all the time.",
                                       "ChangeImageLayer", "Expression", "1", "ClothedPout",
                                       "Speaks",
                                       "Though I did have to put some rules in place... since one Alraune tried to take root in the patch with a male in tow...",
                                       "ChangeImageLayer", "Expression", "1", "ClothedHappy",
                                       "Speaks",
                                       "Aside from that, it has been smooth sailing. Some have even been giving me gifts as thanks for their improved beauty and health.",
                                       "ChangeImageLayer", "Expression", "1", "ClothedBlush",
                                       "Arnea's face starts to turn a little red as she starts to speak again.",
                                       "Speaks",
                                       "While others have been thanking me for how much easier it is for them to seduce and have s-sex with adventurers. Though I'm not sure if I should be happy about that or not... they seem happy enough though.",
                                       "It seems like her Alraune garden is doing well. Though you do feel a little sorry about the extra paper work Elena is no doubt dealing with, due to the increase in adventurers falling victim to Alraune's.",
                                       "JumpToScene",
                                       "Gardentalkmenu"

                                  ]
                    },
                    {
                        "NameOfScene": "'Ever thought of selling your produce to the locals?'",
                        "theScene": [
                                       ""
                                  ]
                    },
                    {
                        "NameOfScene": "Return.",
                        "theScene": [
                                      "JumpToEventThenScene",
                                      "ReturnHomeVisit",
                                      "ArneaHomeTalkMenu1"
                                  ]
                    }


                ]
}
