{
    "name": "Intimateevents",
    "CardType": "Event",
    "CardLimit": "0",
    "Description": "",
    "requires": [ ""],
    "requiresEvent": [
                        {
                          "NameOfEvent": "",
                          "Progress": "-99",
                          "ChoiceNumber": "-1",
                          "Choice": ""
                        }
                      ],
    "Speakers": [
                  {
                    "name": "Arnea",
                    "postName": "",
                    "SpeakerType": "Monster"
                  }

                ],
    "EventText": [
      {
                         "NameOfScene": "Intimateintro",
                         "theScene": [
                                        "SetProgress", "0",
                                        "SetChoice", "2", "",
                                        "ChangeBGM", "music/Relaxing/Purple Planet Music - Gentle - Meltwater (1_38) (L).mp3",
                                        "ChangeImageLayer", "Expression", "1", "ClothedLewd",
                                        "Speaks",
                                        "Okay, my love.♥ Be gentle.",
                                        "Arnea timidly stands up and entrusts herself to you.",
                                        "JumpToScene",
                                        "IntimateMenu"
                    ]
                    },
                    {
                        "NameOfScene": "IntimateMenu",
                        "theScene": [
                                       "Menu",
                                         "Hug her",
                                         "Stop",
                                         "EndLoop"

                                  ]
                    },
                    {
                        "NameOfScene": "Hug her",
                        "theScene": [
                                       "ChangeProgress", "3",
                                       "You wrap your arms around Arnea before pulling her in close, she let's out a little gasp as she is caught off guard.",
                                       "ChangeImageLayer", "Expression", "1", "ClothedLewd",
                                       "Speaks",
                                       "M-my love.♥",
                                       "After a brief moment she places her hands around your neck as you can feel the warmth coming from her slender fingers. She slowly rests her head against your chest as her gentle breaths tickle you.",
                                       "ChangeImageLayer", "Expression", "1", "ClothedBlush",
                                       "Speaks",
                                       "I always f-feel warm and safe when we do this.",
                                       "As the two of you continue to hug, Arnea nuzzles her head against you.",
                                       "JumpToScene",
                                       "Huggingmenu1"
                                  ]
                    },
                    {
                        "NameOfScene": "Huggingmenu1",
                        "theScene": [
                                       "Menu",
                                         "Stroke her hair.",
                                         "Stroke her back.",
                                         "Caress her ass.",
                                         "Kiss her neck.",
                                         "RequiresChoiceFromEvent", "Dates", "4", "Firstkiss", "RequiresMinimumProgress", "15", "Kiss her lips.",
                                         "RequiresChoiceFromEvent", "ReturnHomeVisit", "14", "Touchears", "RequiresMinimumProgress", "15", "Blow into her ear.",
                                         "Stop hugging her.",
                                         "EndLoop"
                                  ]
                    },
                    {
                        "NameOfScene": "Stop hugging her.",
                        "theScene": [
                                       "You slowly pull away from Arnea as she lets go of your neck.",
                                       "ChangeImageLayer", "Expression", "1", "ClothedHappy",
                                       "Speaks",
                                       "I almost f-fell asleep in your warm arms.♥",
                                       "The two of you lovingly look at one another as you decide what to do next.",
                                       "JumpToScene",
                                       "IntimateMenu"
                                  ]
                    },
                    {
                        "NameOfScene": "Stroke her hair.",
                        "theScene": [
                                       "ChangeProgress", "1",
                                       "You reach up with one of your hands and gently place it on her head, before running your hand and fingers though her silky soft hair.",
                                       "ChangeImageLayer", "Expression", "1", "ClothedLewd",
                                       "Speaks",
                                       "T-that feels really nice.♥",
                                       "Arnea's fingers gently press into your neck as she continues to rub her head against your chest. Each time you run your fingers through her hair, a faint sweet smell tickles your nose.",
                                       "JumpToScene",
                                       "Strokinghairmenu1"
                                  ]
                    },
                    {
                        "NameOfScene": "Strokinghairmenu1",
                        "theScene": [
                                       "Menu",
                                         "Keep stroking her hair.",
                                         "Stop stroking her hair.",
                                         "EndLoop"
                                  ]
                    },
                    {
                        "NameOfScene": "Stop stroking her hair.",
                        "theScene": [
                                       "Giving her hair one final stroke you lower you hand and place it back onto her hip.",
                                       "ChangeImageLayer", "Expression", "1", "ClothedHappy",
                                       "Speaks",
                                       "I really f-feel at ease.♪",
                                       "JumpToScene",
                                       "Huggingmenu1"
                                  ]
                    },
                    {
                        "NameOfScene": "Keep stroking her hair.",
                        "theScene": [
                                       "ChangeProgress", "1",
                                       "You continue to run your fingers through Arnea's hair, reaching as far as you can before repeating the action.",
                                       "ChangeImageLayer", "Expression", "1", "ClothedLewd",
                                       "Speaks",
                                       "Mmmnn..♥",
                                       "With each stroke Arnea let's out a satisfied gasp as her fingers press into your neck, sending pleasant tingles down your spine.",
                                       "JumpToScene",
                                       "Strokinghairmenu1"
                                  ]
                    },
                    {
                        "NameOfScene": "Stroke her back.",
                        "theScene": [
                                       "ChangeProgress", "1",
                                       "You gently lift one of your arms and place it onto her slender back, before tracing your hand down from her shoulder to her hip.",
                                       "ChangeImageLayer", "Expression", "1", "ClothedBlush",
                                       "Speaks",
                                       "T-that tickles...♪",
                                       "With each stroke her body trembles slightly as her grip on you tightens.",
                                       "JumpToScene",
                                       "Backstrokemenu1"
                                  ]
                    },
                    {
                        "NameOfScene": "Backstrokemenu1",
                        "theScene": [
                                       "Menu",
                                         "Keep stroking her back.",
                                         "Stop stroking her back.",
                                         "EndLoop"
                                  ]
                    },
                    {
                        "NameOfScene": "Keep stroking her back.",
                        "theScene": [
                                       "ChangeProgress", "1",
                                       "You continue to stroke her back, applying varying amounts of pressure with each pass. Arnea's body continues to tremble in delight, as sensual gasps escape her lips.",
                                       "ChangeImageLayer", "Expression", "1", "ClothedLewd",
                                       "Speaks",
                                       "My b-body feels really warm...♥",
                                       "Her grip tightening as she presses her warm body against yours.",
                                       "JumpToScene",
                                       "Backstrokemenu1"
                                  ]
                    },
                    {
                        "NameOfScene": "Stop stroking her back.",
                        "theScene": [
                                       "You give her back one final stroke before resting your hand on her hip once again.",
                                       "ChangeImageLayer", "Expression", "1", "ClothedHappy",
                                       "Speaks",
                                       "My b-back still tingles a little bit.♥",
                                       "JumpToScene",
                                       "Huggingmenu1"
                                  ]
                    },
                    {
                        "NameOfScene": "Caress her ass.",
                        "theScene": [
                                       "ChangeProgress", "1",
                                       "You lower one of your hands and gently trace it over her plump ass.",
                                       "ChangeImageLayer", "Expression", "1", "ClothedLewd",
                                       "Speaks",
                                       "M-mmnn... M-my love...♥",
                                       "As you continue to stroke her rear, she timdily wiggles her hips in an attempt to match your movements.",
                                       "JumpToScene",
                                       "Asscaressmenu1"
                                  ]
                    },
                    {
                        "NameOfScene": "Asscaressmenu1",
                        "theScene": [
                                       "Menu",
                                         "Keep stroking her ass.",
                                         "RequiresMinimumProgress", "10", "Grab her rear.",
                                         "Stop stroking her ass.",
                                         "EndLoop"
                                  ]
                    },
                    {
                        "NameOfScene": "Keep stroking her ass.",
                        "theScene": [
                                       "ChangeProgress", "1",
                                       "You continue to caress her rear as her body twitches in joy.",
                                       "ChangeImageLayer", "Expression", "1", "ClothedBlush",
                                       "Speaks",
                                       "Mmnnf...! Y-you really like my butt don't you.♪",
                                       "She let's out a little giggle as she rubs her body against yours.",
                                       "JumpToScene",
                                       "Asscaressmenu1"
                                  ]
                    },
                    {
                        "NameOfScene": "Grab her rear.",
                        "theScene": [
                                        "ChangeProgress", "2",
                                        "You move your hand under her sweater and grab her rear as you fingers sink into her warm plump ass, Arnea let's out a sensual gasp in response.",
                                        "ChangeImageLayer", "Expression", "1", "ClothedLust",
                                        "Speaks",
                                        "Nnnhhh! M-my bare butt...♥",
                                        "As you continue to grab her ass, Arnea sticks her butt out and grinds it against your hand.",
                                        "JumpToScene",
                                        "Asscaressmenu2"
                                  ]
                    },
                    {
                        "NameOfScene": "Asscaressmenu2",
                        "theScene": [
                                       "Menu",
                                         "Give her rear a squeeze.",
                                         "RequiresMinimumProgress", "25", "Grab her ass with both hands. (Climax)",
                                         "Go back to stroking her ass.",
                                         "EndLoop"
                                  ]
                    },
                    {
                        "NameOfScene": "Give her rear a squeeze.",
                        "theScene": [
                                       "ChangeProgress", "2",
                                       "You give her plump ass a firm squeeze as your fingers sink even deeper into her heavenly rear. Her body stiffens a little bit as she lets out a sweet moan.",
                                       "ChangeImageLayer", "Expression", "1", "ClothedLust",
                                       "Speaks",
                                       "Aaahhh...♥",
                                       "As you slowly loosen your grip on her rear, her soft flesh giggles a little before returning to it's orignal curvy shape.",
                                       "JumpToScene",
                                       "Asscaressmenu2"
                                  ]
                    },
                    {
                        "NameOfScene": "Grab her ass with both hands. (Climax)",
                        "theScene": [
                                       "You lower your other hand down to her rear and grab it with both hands, Arnea's body jolts upwards as her ears twitch in joy.",
                                       "ChangeImageLayer", "Expression", "1", "ClothedShockHorny",
                                       "Speaks",
                                       "Mnnff... M-my legs won't s-stop trembling...♥",
                                       "You make sure you have a firm stable hold on her so she does not fall, as you continue to attack her plump rear with both hands. Each attack sending waves of pleasure thoughout her body.",
                                       "ChangeImageLayer", "Expression", "1", "ClothedLust",
                                       "Speaks",
                                       "Hhnn!♥",
                                       "Her body continues to tremble as you firmly press your fingers into her, as Arnea's body starts to stiffen, small whimpers escape her lips.",
                                       "ChangeImageLayer", "Expression", "1", "ClothedShockHorny",
                                       "Speaks",
                                       "I-I feel f-f-funny...♥",
                                       "Not letting up, you keep playing with her rear as you alternate between squeezing and rubbing.",
                                       "ChangeImageLayer", "Expression", "1", "ClothedOrgasm",
                                       "Speaks",
                                       "I-I... I'm g-g-going to... Nnahh!♥",
                                       "With a final squeeze, Arnea's whole body shakes as the strength leaves her legs. You firmly hold onto her to support her limp body as she moans out in pleasure. Her body weakly slumps against yours, as she struggles to catch her breath, you hold her close until she snaps back to reality.",
                                       "ChangeImageLayer", "Expression", "1", "ClothedLewd",
                                       "After a few moments, she weakly looks up to you with her glossy eyes before nuzzling her head against your chest. As you gently stroke her still trembling rear.",
                                       "Speaks",
                                       "Mmmnn...♥ T-that was i-incredible... m-my love.♥",
                                       "The two of you quietly embrace one another, as you allow Arnea to recover.",
                                       "RestPlayer",
                                       "ChangeImageLayer", "Expression", "1", "ClothedHappy",
                                       "Speaks",
                                       "M-my legs turned to jelly b-back there... thank you for s-supporting me dear.♥",
                                       "She reaches up and kisses your cheek as a thank you, before resting back into your arms.",
                                       "ChangeImageLayer", "Expression", "1", "ClothedLewd",
                                       "Speaks",
                                       "What's n-next?",
                                       "SetChoice", "2", "Climax",
                                       "SetProgress", "0",
                                       "JumpToScene",
                                       "Huggingmenu1"
                                  ]
                    },
                    {
                        "NameOfScene": "Go back to stroking her ass.",
                        "theScene": [
                                       "You let go of her ass and go back to caressing it as Arnea gives you a little pout and wiggles her hips in protest.",
                                       "ChangeImageLayer", "Expression", "1", "ClothedPout",
                                       "Speaks",
                                       "Humpth...",
                                       "ChangeImageLayer", "Expression", "1", "ClothedHappy",
                                       "Speaks",
                                       "B-but this is nice as well...♥",
                                       "JumpToScene",
                                       "Asscaressmenu1"
                                  ]
                    },
                    {
                        "NameOfScene": "Stop stroking her ass.",
                        "theScene": [
                                       "Giving her plump rear one final stroke before traceing your hand along her spine, before finally resting it on her hip.",
                                       "ChangeImageLayer", "Expression", "1", "ClothedHappy",
                                       "Speaks",
                                       "H-had your fill?♥",
                                       "JumpToScene",
                                       "Huggingmenu1"
                                  ]
                    },
                    {
                        "NameOfScene": "Kiss her neck.",
                        "theScene": [
                                       "ChangeProgress", "2",
                                       "You move her hair to the side revealing her slender dark neck, as you lean in and give it a kiss. Arnea's body quivers in delight the moment your lips touch her soft skin.",
                                       "ChangeImageLayer", "Expression", "1", "ClothedLewd",
                                       "Speaks",
                                       "T-that feels really n-nice.♥",
                                       "Arnea tilts her head to the side a little exposing more of her neck for you, as you continue to shower her in kisses.",
                                       "JumpToScene",
                                       "Neckkissmenu1"
                                  ]
                    },
                    {
                        "NameOfScene": "Neckkissmenu1",
                        "theScene": [
                                       "Menu",
                                         "Keep kissing her neck.",
                                         "Lick her neck.",
                                         "Nibble her neck.",
                                         "Stop kissing her neck.",
                                         "EndLoop"
                                  ]
                    },
                    {
                        "NameOfScene": "Keep kissing her neck.",
                        "theScene": [
                                       "ChangeProgress", "2",
                                       "You quickly continue to kiss her neck, as Arnea's ears twitch with every kiss.",
                                       "ChangeImageLayer", "Expression", "1", "ClothedBlush",
                                       "Speaks",
                                       "Y-you really love my n-neck.♥ Aahhh!♥",
                                       "Arnea's grip on you tightens as she accepts your love.",
                                       "JumpToScene",
                                       "Neckkissmenu1"
                                  ]
                    },
                    {
                        "NameOfScene": "Lick her neck.",
                        "theScene": [
                                       "ChangeProgress", "2",
                                       "As you give her neck a kiss, you stick your tongue out and trace it across her neck leaving a small trail of saliva in the process, Arnea shudders in delight.",
                                       "ChangeImageLayer", "Expression", "1", "ClothedBlush",
                                       "Speaks",
                                       "Mmnnn!♥ T-that tickles dear.♥",
                                       "You give her neck a final lick as you start from her shoulder, and work your way all the way up to the base of her ear, before going back to kissing her neck.",
                                       "ChangeImageLayer", "Expression", "1", "ClothedLust",
                                       "Speaks",
                                       "Hhnnff!♥ D-don't stop my love.♥",
                                       "JumpToScene",
                                       "Neckkissmenu1"
                                  ]
                    },
                    {
                        "NameOfScene": "Nibble her neck.",
                        "theScene": [
                                       "ChangeProgress", "2",
                                       "Whilst kissing her neck, you gently nibble her neck with your front teeth before pulling away slightly.",
                                       "ChangeImageLayer", "Expression", "1", "ClothedLewd",
                                       "Speaks",
                                       "M-my neck... Mmnn!♥",
                                       "As you let go, her skin bounces back to it's resting place. Leaving behind some faint teeth marks on her lovely dark skin, as Arnea's face flushes red.",
                                       "ChangeImageLayer", "Expression", "1", "ClothedBlush",
                                       "Speaks",
                                       "S-so gentle... hehehe.♪",
                                       "JumpToScene",
                                       "Neckkissmenu1"
                                  ]
                    },
                    {
                        "NameOfScene": "Stop kissing her neck.",
                        "theScene": [
                                       "You give her supple neck one final kiss before pulling away as Arnea looks up at you with wet eyes.",
                                       "ChangeImageLayer", "Expression", "1", "ClothedLust",
                                       "Speaks",
                                       "M-more... my love...♥",
                                       "She rests her head against your chest as she eagerly awaits your next move.",
                                       "JumpToScene",
                                       "Huggingmenu1"
                                  ]
                    },
                    {
                        "NameOfScene": "Kiss her lips.",
                        "theScene": [
                                       "ChangeProgress", "2",
                                       "You place your hand on Arnea's chin and tilt her head upwards before locking your lips with hers.",
                                       "ChangeImageLayer", "Expression", "1", "ClothedLewd",
                                       "Speaks",
                                       "Mmnnff!♥ Ahhn!♥",
                                       "She eagerly accepts your kiss, as the two of you take it in turns to lead.",
                                       "JumpToScene",
                                       "Kissingmenu1"
                                  ]
                    },
                    {
                        "NameOfScene": "Kissingmenu1",
                        "theScene": [
                                       "Menu",
                                        "Keep kissing her.",
                                        "Give her a deeper kiss.",
                                        "Stop kissing her.",
                                        "EndLoop"
                                  ]
                    },
                    {
                        "NameOfScene": "Keep kissing her.",
                        "theScene": [
                                       "ChangeProgress", "2",
                                       "You continue to kiss Arnea's soft, wet lips as she would sometimes nibble your lower lip. The two of you go back and fourth for a few moments before slowing down a little to take a breath.",
                                       "ChangeImageLayer", "Expression", "1", "ClothedBlush",
                                       "Speaks",
                                       "Mmnnff!♥ I l-love kissing you dear!♥",
                                       "JumpToScene",
                                       "Kissingmenu1"
                                  ]
                    },
                    {
                        "NameOfScene": "Give her a deeper kiss.",
                        "theScene": [
                                       "ChangeProgress", "4",
                                       "You pull Arnea closer as you stick your tongue into her mouth, she gasps a little in repsonse, but quickly welcomes your tongue with hers. After a few moments, the two of you trade positions as she sticks her tongue in your mouth.",
                                       "ChangeImageLayer", "Expression", "1", "ClothedLust",
                                       "Speaks",
                                       "Mmnn!♥",
                                       "Arnea continues to entwine her tongue with yours as you both enjoy a long deep kiss.",
                                       "JumpToScene",
                                       "Kissingmenu2"
                                  ]
                    },
                    {
                        "NameOfScene": "Kissingmenu2",
                        "theScene": [
                                       "Menu",
                                         "Continue your deep kiss.",
                                         "Stop kissing her.",
                                         "EndLoop"
                                  ]
                    },
                    {
                        "NameOfScene": "Continue your deep kiss.",
                        "theScene": [
                                       "ChangeProgress", "4",
                                       "Not wanting to stop, you thoroughly explore and taste each and every part of her mouth as your saliva mixes. Arnea lets out some sensual gasps as she alternates between kissing you and breathing.",
                                       "ChangeImageLayer", "Expression", "1", "ClothedLust",
                                       "Speaks",
                                       "My t-turn dear.♥ Mmnnf!♥",
                                       "After taking a quick breath, Arnea sticks her tongue in your mouth and begins to explore and taste every part of you. Satisfied, she goes back to entwinning her tongue with yours.",
                                       "JumpToScene",
                                       "Kissingmenu2"
                                  ]
                    },
                    {
                        "NameOfScene": "Stop kissing her.",
                        "theScene": [
                                       "Giving her lips one final press you pull away from her, as a long thin strand of saliva still connects the two of you. Arnea quickly leans in and gives you one final kiss on the lips before pulling away and staring into your eyes.",
                                       "ChangeImageLayer", "Expression", "1", "ClothedBlush",
                                       "Speaks",
                                       "I c-cant get enough of your lips.♥",
                                       "JumpToScene",
                                       "Huggingmenu1"
                                  ]
                    },
                    {
                        "NameOfScene": "Blow into her ear.",
                        "theScene": [
                                       "ChangeProgress", "4",
                                       "You move Arnea's hair to one side and bring your lips close to her ear, before gently blowing on it. She lets out a surprised yelp as her ears wiggle about.",
                                       "ChangeImageLayer", "Expression", "1", "ClothedShockHorny",
                                       "Speaks",
                                       "M-my ears are very s-sensitive dear... b-be gentle.♥",
                                       "Keeping her words in mind, you slowly blow on her ear, starting from the very tip and working your way down to the base, as her body shakes in pleasure.",
                                       "ChangeImageLayer", "Expression", "1", "ClothedBlush",
                                       "Speaks",
                                       "M-my head i-is spinning...♥",
                                       "JumpToScene",
                                       "Earplaymenu1"
                                  ]
                    },
                    {
                        "NameOfScene": "Earplaymenu1",
                        "theScene": [
                                       "Menu",
                                         "Keep blowing on her ear.",
                                         "Stroke her ear.",
                                         "Lick her ear.",
                                         "RequiresMinimumProgress", "30", "Nibble her ear. (Climax)",
                                         "Stop playing with her ear.",
                                         "EndLoop"
                                  ]
                    },
                    {
                        "NameOfScene": "Keep blowing on her ear.",
                        "theScene": [
                                       "ChangeProgress", "4",
                                       "You tilt Arnea's head to the side so that you can give her other ear some attention. Much like before, you gently blow on the tip of her ear and work your way down to the base, as her ear goes rigid in response to your warm breath.",
                                       "ChangeImageLayer", "Expression", "1", "ClothedLust",
                                       "Speaks",
                                       "I-I-I... I'm going to m-melt...♥",
                                       "Arnea stands there in a daze as you continue to play with her beautiful ears.",
                                       "JumpToScene",
                                       "Earplaymenu1"
                                  ]
                    },
                    {
                        "NameOfScene": "Stroke her ear.",
                        "theScene": [
                                       "ChangeProgress", "4",
                                       "You raise one of your hands up to her ear and wrap your fingers around it, before rubbing your thumb up and down her ear.",
                                       "ChangeImageLayer", "Expression", "1", "ClothedLust",
                                       "Speaks",
                                       "Hhnnf!♥",
                                       "As you continue to knead her ear between your fingers, Arnea's ear starts to feel warm, as blood rushes to her head and her breathing becomes rugged.",
                                       "JumpToScene",
                                       "Earplaymenu1"
                                  ]
                    },
                    {
                        "NameOfScene": "Lick her ear.",
                        "theScene": [
                                       "ChangeProgress", "4",
                                       "You stick your tongue out and trace it along Arnea's ear as she lets out a pleasured gasp. Her body stiffens a little from the warmth and feeling of your tongue against her sensitive ear.",
                                       "ChangeImageLayer", "Expression", "1", "ClothedLust",
                                       "Speaks",
                                       "Hhnnf!♥ M-more dear.♥",
                                       "You continue to lick every part of her ear as Arnea drools in delight. Satisfied, you pull your tongue away from her ear as she gives you a weak look.",
                                       "JumpToScene",
                                       "Earplaymenu1"
                                  ]
                    },
                    {
                        "NameOfScene": "Nibble her ear. (Climax)",
                        "theScene": [
                                       "You bring your lips close to her ear before gently nibbling on it. Arnea let's out a sensual gasp as body shudders.",
                                       "ChangeImageLayer", "Expression", "1", "ClothedLewd",
                                       "Speaks",
                                       "A-anymore and I'll... Nnaah!♥",
                                       "Working your way down the entire length you leave no part untasted, as you alternate between gentle nibbles and licks. Arnea's eyes start to cloud over as small beads of sweat form on her brow.",
                                       "ChangeImageLayer", "Expression", "1", "ClothedBlush",
                                       "Speaks",
                                       "I-I... I'm in h-heaven... d-dear!♥",
                                       "As you trace your tongue over the tip of her ear, you take it into your mouth as you start to suck on her ear. Arnea's whole body stiffens as erotic murmurs escape her moist lips.",
                                       "ChangeImageLayer", "Expression", "1", "ClothedLust",
                                       "Speaks",
                                       "Mmnn!♥ I-I can't e-even think...♥",
                                       "Continuing to such on her ear, you start kneading her other ear with your hand, as Arnea whole body turns to jelly. You hold onto her with your other arm to support her as you continue your attack.",
                                       "ChangeImageLayer", "Expression", "1", "ClothedShockHorny",
                                       "Speaks",
                                       "N-n-no... I... Mmnn!♥",
                                       "Noticing Arnea is close to an orgasm, you start rolling your tongue over her ear as it remains in your mouth, all while you squeeze and rub her other ear. Arnea has been reduced to a smouldering mess, as all she can do is whimper and drool in delight, as her sensitive ears are showered in love.",
                                       "ChangeImageLayer", "Expression", "1", "ClothedLust",
                                       "Speaks",
                                       "Mmnn!♥ D-don't look d-d-dear...♥ NNUUHH!♥",
                                       "ChangeImageLayer", "Expression", "1", "ClothedOrgasm",
                                       "Arnea's whole body stiffens as her legs begin to shake and an almost bestial moan leaves her lips. Her orgasm last for a few moments as you release her ears and hold onto her tightly until she comes back around.",
                                       "After her orgasm starts to subside, her body loosens up a bit before slumping down into your arms. She looks up at you with weak eyes as you wipe the drool from her mouth, before kissing her on the forehead. She gives you a weak smile in response before nuzzling against your chest to recover.",
                                       "RestPlayer",
                                       "ChangeImageLayer", "Expression", "1", "ClothedLewd",
                                       "Some time passed as the two of you continue to quietly embrace one another. Arnea's breathing has stabilized and she is now able to support herself, however, you still hold onto tightly as you stroke her hair.",
                                       "Speaks",
                                       "T-thank you... my l-love.♥ Everything f-felt like it was melting b-back there, but I f-felt safe because of you.♪",
                                       "She gently traces her fingers across your neck as she eagerly awaits your next move.",
                                       "SetChoice", "2", "Climax",
                                       "SetProgress", "0",
                                       "JumpToScene",
                                       "Huggingmenu1"
                                  ]
                    },
                    {
                        "NameOfScene": "Stop playing with her ear.",
                        "theScene": [
                                       "You give her ear one final stroke before pulling your hand away, Arnea looks up at you with pleading eyes as if she is asking you to keep going.",
                                       "JumpToScene",
                                       "Huggingmenu1"
                                  ]
                    },
                    {
                        "NameOfScene": "Hold her hand.",
                        "theScene": [
                                       ""
                                  ]
                    },
                    {
                        "NameOfScene": "Stop",
                        "theScene": [
                                       "You decide to stop for now.",
                                       "IfChoice", "2", "Climax", "Climax dialogue",
                                       "ChangeImageLayer", "Expression", "1", "ClothedPout",
                                       "Speaks",
                                       "S-stopping already...?",
                                       "Arnea pouts a little since you are stopping so soon, but she gives you a loving smile afterwards.",
                                       "ChangeImageLayer", "Expression", "1", "ClothedHappy",
                                       "Speaks",
                                       "I had f-fun my love!♥",
                                       "The two of you return to your seats as you cool down from your little activity.",
                                       "ChangeBGM", "music/Forest/Elven-Sanctuary_loop.OGG",
                                       "JumpToEventThenScene",
                                       "ReturnHomeVisit",
                                       "ArneaHomeTalkMenu1"
                                  ]
                    },
                    {
                        "NameOfScene": "Climax dialogue",
                        "theScene": [
                                       "ChangeImageLayer", "Expression", "1", "ClothedLewd",
                                       "Speaks",
                                       "O-okay, dear.♥ I might need a m-moment to recover...",
                                       "You support Arnea as she shakily walks towards the chair before taking a seat.",
                                       "ChangeImageLayer", "Expression", "1", "ClothedHappy",
                                       "Speaks",
                                       "Hehehe... you r-really do spoil me!♥",
                                       "The two of you chat for a little while as you recover from your little activity.",
                                       "ChangeBGM", "music/Forest/Elven-Sanctuary_loop.OGG",
                                       "JumpToEventThenScene",
                                       "ReturnHomeVisit",
                                       "ArneaHomeTalkMenu1"
                                  ]
                    },
                    {
                        "NameOfScene": "Event broke",
                        "theScene": [
                                       "Oh no... I killed the event."
                                  ]
                    }
                ]
}
