{
  "name": "Modreset",
  "CardType": "Church",
  "CardLimit": "0",
  "Description": "",
  "requires": [""],
  "requiresEvent": [
      {
          "NameOfEvent": "",
          "Progress": "99",
          "Choice": "",
          "ChoiceNumber": "-1"
      }
  ],
    "Speakers": [
        {
            "name": "???",
            "postName": "",
            "SpeakerType": "Monster"
        }
    ],
    "EventText": [
                    {
                        "NameOfScene": "Mod reset.",
                        "theScene": [
                                       "This will reset your progress with Arnea and put you back to the first visit. You will not have to redo the starting quest, simply go to the map, select the Mystic forest and choose 'Visit Arnea'. Are you sure you wish to do this?",
                                       "Menu",
                                         "Do it.",
                                         "On second thought.",
                                         "EndLoop"
                                  ]
                    },
                    {
                        "NameOfScene": "Do it.",
                        "theScene": [
                                       "All progress and choices should be reset... hopefully...",
                                       "GetEventAndSetProgress", "Sleepover", "0",
                                       "GetEventAndSetChoice", "Sleepover", "1", "",
                                       "GetEventAndSetChoice", "Sleepover", "2", "",
                                       "GetEventAndSetChoice", "Sleepover", "3", "",
                                       "GetEventAndSetChoice", "Sleepover", "4", "",
                                       "GetEventAndSetChoice", "Sleepover", "5", "",
                                       "GetEventAndSetChoice", "Sleepover", "6", "",
                                       "GetEventAndSetChoice", "Sleepover", "7", "",
                                       "GetEventAndSetChoice", "Sleepover", "8", "",
                                       "GetEventAndSetChoice", "Sleepover", "13", "",
                                       "GetEventAndSetChoice", "Sleepover", "16", "",
                                       "GetEventAndSetChoice", "Sleepover", "17", "",
                                       "GetEventAndSetChoice", "Sleepover", "19", "",
                                       "GetEventAndSetChoice", "Sleepover", "21", "",
                                       "GetEventAndSetChoice", "Sleepover", "22", "",
                                       "GetEventAndSetChoice", "Sleepover", "23", "",
                                       "GetEventAndSetChoice", "Sleepover", "24", "",
                                       "GetEventAndSetChoice", "Sleepover", "25", "",
                                       "GetEventAndSetChoice", "Sleepover", "26", "",
                                       "GetEventAndSetChoice", "Sleepover", "29", "",
                                       "GetEventAndSetChoice", "Sleepover", "31", "",
                                       "GetEventAndSetChoice", "Sleepover", "40", "",
                                       "GetEventAndSetChoice", "Sleepover", "41", "",
                                       "GetEventAndSetChoice", "Sleepover", "43", "",
                                       "GetEventAndSetChoice", "Sleepover", "44", "",
                                       "GetEventAndSetChoice", "Sleepover", "45", "",
                                       "GetEventAndSetChoice", "Sleepover", "46", "",
                                       "GetEventAndSetChoice", "ArneaCombatEvents", "1", "",
                                       "GetEventAndSetChoice", "ArneaCombatEvents", "2", "",
                                       "GetEventAndSetChoice", "ArneaCombatEvents", "3", "",
                                       "GetEventAndSetChoice", "ArneaCombatEvents", "4", "",
                                       "GetEventAndSetChoice", "ArneaCombatEvents", "5", "",
                                       "GetEventAndSetChoice", "ArneaCombatEvents", "6", "",
                                       "GetEventAndSetChoice", "ArneaCombatEvents", "7", "",
                                       "GetEventAndSetChoice", "ArneaCombatEvents", "8", "",
                                       "GetEventAndSetChoice", "ArneaCombatEvents", "9", "",
                                       "GetEventAndSetChoice", "ArneaCombatEvents", "10", "",
                                       "GetEventAndSetChoice", "ArneaCombatEvents", "11", "",
                                       "GetEventAndSetChoice", "ArneaCombatEvents", "12", "",
                                       "GetEventAndSetChoice", "ArneaCombatEvents", "13", "",
                                       "GetEventAndSetChoice", "ArneaCombatEvents", "14", "",
                                       "GetEventAndSetChoice", "ArneaCombatEvents", "15", "",
                                       "GetEventAndSetChoice", "ArneaCombatEvents", "16", "",
                                       "GetEventAndSetChoice", "ArneaCombatEvents", "17", "",
                                       "GetEventAndSetChoice", "Roleplay loss events", "2", "",
                                       "GetEventAndSetChoice", "Roleplay loss events", "3", "",
                                       "GetEventAndSetChoice", "Roleplay loss events", "10", "",
                                       "GetEventAndSetProgress", "ReturnHomeVisit", "0",
                                       "GetEventAndSetChoice", "ReturnHomeVisit", "1", "",
                                       "GetEventAndSetChoice", "ReturnHomeVisit", "2", "",
                                       "GetEventAndSetChoice", "ReturnHomeVisit", "3", "",
                                       "GetEventAndSetChoice", "ReturnHomeVisit", "4", "",
                                       "GetEventAndSetChoice", "ReturnHomeVisit", "5", "",
                                       "GetEventAndSetChoice", "ReturnHomeVisit", "6", "",
                                       "GetEventAndSetChoice", "ReturnHomeVisit", "7", "",
                                       "GetEventAndSetChoice", "ReturnHomeVisit", "8", "",
                                       "GetEventAndSetChoice", "ReturnHomeVisit", "9", "",
                                       "GetEventAndSetChoice", "ReturnHomeVisit", "10", "",
                                       "GetEventAndSetChoice", "ReturnHomeVisit", "12", "",
                                       "GetEventAndSetChoice", "ReturnHomeVisit", "14", "",
                                       "GetEventAndSetChoice", "ReturnHomeVisit", "16", "",
                                       "GetEventAndSetChoice", "ReturnHomeVisit", "17", "",
                                       "GetEventAndSetChoice", "ReturnHomeVisit", "18", "",
                                       "GetEventAndSetChoice", "ReturnHomeVisit", "19", "",
                                       "GetEventAndSetChoice", "ReturnHomeVisit", "24", "",
                                       "GetEventAndSetChoice", "ReturnHomeVisit", "31", "",
                                       "GetEventAndSetChoice", "ReturnHomeVisit", "32", "",
                                       "GetEventAndSetChoice", "ReturnHomeVisit", "33", "",
                                       "GetEventAndSetChoice", "ReturnHomeVisit", "50", "",
                                       "GetEventAndSetChoice", "Gardenevent", "1", "",
                                       "GetEventAndSetChoice", "Gardenevent", "2", "",
                                       "GetEventAndSetChoice", "Gardenevent", "3", "",
                                       "GetEventAndSetChoice", "Gardenevent", "5", "",
                                       "GetEventAndSetProgress", "Crop spot 1", "0",
                                       "GetEventAndSetChoice", "Crop spot 1", "1", "",
                                       "GetEventAndSetChoice", "Crop spot 1", "2", "",
                                       "GetEventAndSetChoice", "Crop spot 1", "3", "",
                                       "GetEventAndSetProgress", "Crop spot 2", "0",
                                       "GetEventAndSetChoice", "Crop spot 2", "1", "",
                                       "GetEventAndSetChoice", "Crop spot 2", "2", "",
                                       "GetEventAndSetChoice", "Crop spot 2", "3", "",
                                       "GetEventAndSetProgress", "Crop spot 3", "0",
                                       "GetEventAndSetChoice", "Crop spot 3", "1", "",
                                       "GetEventAndSetChoice", "Crop spot 3", "2", "",
                                       "GetEventAndSetChoice", "Crop spot 3", "3", "",
                                       "GetEventAndSetProgress", "Crop spot 4", "0",
                                       "GetEventAndSetChoice", "Crop spot 4", "1", "",
                                       "GetEventAndSetChoice", "Crop spot 4", "2", "",
                                       "GetEventAndSetChoice", "Crop spot 4", "3", "",
                                       "GetEventAndSetProgress", "Dates", "0",
                                       "GetEventAndSetChoice", "Dates", "1", "",
                                       "GetEventAndSetChoice", "Dates", "2", "",
                                       "GetEventAndSetChoice", "Dates", "3", "",
                                       "GetEventAndSetChoice", "Dates", "4", "",
                                       "GetEventAndSetChoice", "Dates", "5", "",
                                       "GetEventAndSetChoice", "Dates", "6", "",
                                       "GetEventAndSetChoice", "Dates", "7", "",
                                       "GetEventAndSetChoice", "Town events", "1", "",
                                       "GetEventAndSetChoice", "Town events", "2", "",
                                       "GetEventAndSetChoice", "Town events", "3", "",
                                       "GetEventAndSetChoice", "Town events", "5", "",
                                       "GetEventAndSetChoice", "Town events", "6", "",
                                       "GetEventAndSetChoice", "Town events", "7", "",
                                       "GetEventAndSetChoice", "Town events", "8", "",
                                       "GetEventAndSetChoice", "Town events", "9", "",
                                       "GetEventAndSetChoice", "Arneasick", "1", "",
                                       "GetEventAndSetChoice", "Arneasick", "2", "",
                                       "GetEventAndSetChoice", "Arneasick", "3", "",
                                       "GetEventAndSetChoice", "Arneasick", "4", "",
                                       "GetEventAndSetChoice", "Arneasick", "5", "",
                                       "GetEventAndSetChoice", "Arneasick", "6", "",
                                       "GetEventAndSetChoice", "Arneasick", "7", "",
                                       "GetEventAndSetChoice", "Arneasick", "37", "",
                                       ""
                                  ]
                    },
                    {
                        "NameOfScene": "On second thought.",
                        "theScene": [
                                       ""
                                  ]
                    }
    ]
}
