{
    "name": "Viviansquest",
    "CardType": "Inn",
    "CardLimit": "0",
    "Description": "EnterArea",
    "requires": [ ""],
    "requiresEvent": [
                        {
                          "NameOfEvent": "",
                          "Progress": "-99",
                          "ChoiceNumber": "-1",
                          "Choice": ""
                        }
                      ],
    "Speakers": [
                  {
                    "name": "Vivian",
                    "postName": "",
                    "SpeakerType": "Monster"
                  }

                ],
    "EventText": [
                    {
                        "NameOfScene": "EnteringArea",
                        "theScene": [
                                       "IfChoice", "3", "Questdone", "Vivianskip",
                                       "IfHasItem", "Arnea's Gift", "Vivian end",
                                       "IfChoice", "4", "Vivianscoldtalk2", "Vivianskip2",
                                       "GetEventAndIfChoice", "Produce collection", "8", "Denyher2", "Vivianscold2",
                                       "IfChoice", "1", "Questtaken", "Vivianskip",
                                       "IfChoice", "1", "Spoketovivian", "RepeatDialogue",
                                       "IfHasItem", "Sigil Of Allure", "EventStart"

                                  ]
                    },
                    {
                        "NameOfScene": "EventStart",
                        "theScene": [
                                       "As you enter the Inn, you notice Vivian making her way over to you.",
                                       "DisplayCharacters",
                                       "1",
                                       "EndLoop",
                                       "ChangeImageLayer", "Expression", "1", "Seductive",
                                       "Speaks",
                                       "{i}Hello [ThePlayerName].♥{/i} Welcome back, I know you are no doubt tired from your {i}activities{/i}, but could you spare some time for little old me?♪",
                                       "Menu",
                                         "'I have some time.'",
                                         "'Maybe another time.'",
                                         "EndLoop"


                                  ]
                    },
                    {
                        "NameOfScene": "'Maybe another time.'",
                        "theScene": [
                                       "SetChoice", "1", "Spoketovivian",
                                       "ChangeImageLayer", "Expression", "1", "Caring",
                                       "Speaks",
                                       "Of course sweetie.♥ No doubt you already have your hands full with enough girls as is.♪",
                                       "ChangeImageLayer", "Expression", "1", "Seductive",
                                       "Speaks",
                                       "Though if you {i}do{/i} change your mind, I'll tell you the details.",
                                       "With that Vivian gives you a wink before returning to her work."

                                  ]
                    },
                    {
                        "NameOfScene": "RepeatDialogue",
                        "theScene": [
                                       "As you enter the Inn, Vivian approaches you again.",
                                       "DisplayCharacters",
                                       "1",
                                       "EndLoop",
                                       "ChangeImageLayer", "Expression", "1", "Seductive",
                                       "Speaks",
                                       "{i}Welcome back [ThePlayerName].♥{/i} Do you have the time to hear out my request now sweetie?♪",
                                       "Menu",
                                         "'I have some time.'",
                                         "'Maybe another time.'",
                                         "EndLoop"

                                  ]
                    },
                    {
                        "NameOfScene": "'I have some time.'",
                        "theScene": [
                                       "ChangeImageLayer", "Expression",  "1", "Caring",
                                       "Speaks",
                                       "Wonderful.♥ I knew I could count on you cutie.♪",
                                       "A part of you is a little worried about what you are signing up for.",
                                       "ChangeImageLayer", "Expression", "1", "Base",
                                       "Speaks",
                                       "You see, some of my elven regulars brought an {i}interesting{/i} case to my attention, and who better to deal with this case than a strapping young adventurer like yourself.♥",
                                       "Menu",
                                         "'An interesting case?'",
                                         "'I'm not sure I like the sound of this...'",
                                         "EndLoop"

                                  ]
                    },
                    {
                        "NameOfScene": "'An interesting case?'",
                        "theScene": [
                                       "ChangeImageLayer", "Expression",  "1", "Caring",
                                       "Speaks",
                                       "Piqued your interest have I?♥ Well, it turns out I need help with a certain elf.",
                                       "ChangeImageLayer", "Expression", "1", "Seductive",
                                       "Speaks",
                                       "This elf in question is a bit of a {i}shut-in{/i}, she avoids interacting with the other elves and lives out in the woods. So you can see why the other girls may be a little worried about her.",
                                       "ChangeImageLayer", "Expression",  "1", "Caring",
                                       "Speaks",
                                       "They want to throw her a welcoming party and require some specific ingredients. But it's a lot of heavy lifting for a lovely girl to do, which is where a strong young man like yourself comes in.♥",
                                       "As Vivian continues to explain the job to you, you can't help but feel there is more to this request than she is letting on.",
                                       "ChangeImageLayer", "Expression", "1", "Seductive",
                                       "Speaks",
                                       "So [ThePlayerName] can I count on you?♥",
                                       "Menu",
                                         "'Okay.'",
                                         "'What are you planning...?'",
                                         "EndLoop"

                                  ]
                    },
                    {
                        "NameOfScene": "'I'm not sure I like the sound of this...'",
                        "theScene": [
                                       "ChangeImageLayer", "Expression",  "1", "Caring",
                                       "Speaks",
                                       "Don't be like that sweetie.♪ It's a simple job that won't take much of your time.",
                                       "Vivian gives you a little wink before she starts to explain the job to you.",
                                       "Speaks",
                                       "Well, it turns out I need help with a certain elf.",
                                       "ChangeImageLayer", "Expression", "1", "Seductive",
                                       "Speaks",
                                       "This elf in question is a bit of a {i}shut-in{/i}, she avoids interacting with the other elves and lives out in the woods. So you can see why the other girls may be a little worried about her.",
                                       "ChangeImageLayer", "Expression",  "1", "Caring",
                                       "Speaks",
                                       "They want to throw her a party to help her open up and require some specific ingredients. But it's a lot of heavy lifting for a lovely girl to do, which is where a strong young man like yourself comes in.♥",
                                       "As Vivian continues to explain the job to you, you can't help but feel there is more to this request than she is letting on.",
                                       "ChangeImageLayer", "Expression", "1", "Seductive",
                                       "Speaks",
                                       "So [ThePlayerName] can I count on you?♥",
                                       "Menu",
                                         "'Okay.'",
                                         "'What are you planning...?'",
                                         "EndLoop"

                                  ]
                    },
                    {
                        "NameOfScene": "'Okay.'",
                        "theScene": [
                                       "ChangeImageLayer", "Expression",  "1", "Caring",
                                       "Speaks",
                                       "{i}Wonderful, I knew I could count on you cutie{/i}.♥ All you need to do is go to a specific place in the Mystic forest and collect the requested items. Have {i}fun{/i} [ThePlayerName].♪",
                                       "Vivian hands you the report before winking at you and walking off. Not entirely sure on what you have fully signed yourself up to, you decide on what to do next.",
                                       "GiveItem",
                                       "1",
                                       "Job Report",
                                       "SetChoice", "1", "Questtaken"

                                  ]
                    },
                    {
                        "NameOfScene": "'What are you planning...?'",
                        "theScene": [
                                       "ChangeImageLayer", "Expression", "1", "Worried",
                                       "Speaks",
                                       "Nothing sweetie.♥ I assure you, I have your best {i}interests{/i} in mind. All you need to do is go to a specific place in the Mystic forest and collect the requested items. Simple no?♪",
                                       "Vivian hands you the report before winking at you and walking off, not entirely sure on what you have fully signed yourself up to, you decide on what to do next.",
                                       "GiveItem",
                                       "1",
                                       "Job Report",
                                       "SetChoice", "1", "Questtaken"
                                  ]
                    },
                    {
                        "NameOfScene": "Vivian end",
                        "theScene": [
                                       "GetEventAndIfChoice", "Produce collection", "9", "Apology", "Vivian end2",
                                       "You return to the Inn so you can report back to Vivian. The moment you step through the door she is already waiting with a hand on her hip.",
                                       "DisplayCharacters",
                                       "1",
                                       "EndLoop",
                                       "ChangeImageLayer", "Expression", "1", "Caring",
                                       "Speaks",
                                       "Welcome back sweetie.♪ Did you have a fun time?♥",
                                       "Vivian gives you a sly wink as you begin to explain to her the events that took place.",
                                       "ChangeImageLayer", "Expression", "1", "Seductive",
                                       "Speaks",
                                       "My... my... it sounds like you two certainly hit it off.♥",
                                       "Menu",
                                         "'You could have warned me beforehand.'",
                                         "'What would have happened if she never showed up?'",
                                         "EndLoop"
                                  ]
                    },
                    {
                        "NameOfScene": "'What would have happened if she never showed up?'",
                        "theScene": [
                                      "SetChoice", "3", "Questdone",
                                      "Vivian gives you a sly smile as she rests a hand on her hip.",
                                      "ChangeImageLayer", "Expression", "1", "Caring",
                                      "Speaks",
                                      "I would just send you on another job cutie.♥",
                                      "ChangeImageLayer", "Expression", "1", "Seductive",
                                      "Speaks",
                                      "Besides, you got to have a lovely meal with a girl and even became her friend.♥ Who knows what the future holds for the two of you.♪",
                                      "ChangeImageLayer", "Expression", "1", "Caring",
                                      "Speaks",
                                      "Anyway, thank you sweetie for taking care of this little job, and I'll be cheering for your success.♥",
                                      "She gives you a final wink before heading back to work. A little tired from today's events you decide how to spend the rest of the day."
                                  ]
                    },
                    {
                        "NameOfScene": "'You could have warned me beforehand.'",
                        "theScene": [
                                       "SetChoice", "3", "Questdone",
                                       "ChangeImageLayer", "Expression", "1", "Happy",
                                       "Speaks",
                                       "[ThePlayerName] darling, that would have ruined the surprise.♪ A surprise meeting between a man and woman is far more romantic don't you think?♥",
                                       "She gives you a cheeky smile.",
                                       "ChangeImageLayer", "Expression", "1", "Seductive",
                                       "Speaks",
                                       "Besides, you got to have a lovely meal with a girl and even became her friend.♥ Who knows what the future holds for the two of you.♪",
                                       "ChangeImageLayer", "Expression", "1", "Caring",
                                       "Speaks",
                                       "Anyway, thank you sweetie for taking care of this little job, and I'll be cheering for your success.♥",
                                       "She gives you a final wink before heading back to work. A little tired from today's events you decide how to spend the rest of the day."
                                  ]
                    },
                    {
                        "NameOfScene": "Vivianscold2",
                        "theScene": [
                                       "As you make your way into the Inn Vivian calls out to you.",
                                       "DisplayCharacters",
                                       "1",
                                       "EndLoop",
                                       "ChangeImageLayer", "Expression", "1", "Caring",
                                       "Speaks",
                                       "Welcome back [ThePlayerName].♪ Did you have a fun time?♥",
                                       "Vivian gives you a warm smile as she looks you over, however, she notices you are not looking like yourself.",
                                       "ChangeImageLayer", "Expression", "1", "Worried",
                                       "Speaks",
                                       "What's the matter, sweetie? You look sad.",
                                       "You begin to tell her what happened from start to finish, as she patiently listens to you. After you are done, she places a hand on her hip and sighs.",
                                       "ChangeImageLayer", "Expression", "1", "Annoyed",
                                       "Speaks",
                                       "[ThePlayerName], you have a lot to learn when it comes to a woman's heart.",
                                       "Vivian looks a little cross at you.",
                                       "ChangeImageLayer", "Expression", "1", "Caring",
                                       "Speaks",
                                       "When a woman takes the time to make you a meal and listens to you, it is a mans job to make her smile not cry.",
                                       "ChangeImageLayer", "Expression", "1", "Annoyed",
                                       "Speaks",
                                       "Poor girl thought she made a friend, if you are a man you will go back and apologize to her.",
                                       "SetChoice", "4", "Vivianscoldtalk2",
                                       "Menu",
                                         "'Okay, I will.'",
                                         "'I'm sorry...'",
                                         "EndLoop"
                                  ]
                    },
                    {
                        "NameOfScene": "'Okay, I will.'",
                        "theScene": [
                                       "ChangeImageLayer", "Expression", "1", "Caring",
                                       "Speaks",
                                       "I'm glad you understand sweetie.♥ Now go and make that girl's day.",
                                       "Vivian gives you a warm smile before walking off. You should head back to Arnea's house and apologize to her."
                                  ]
                    },
                    {
                        "NameOfScene": "'I'm sorry...'",
                        "theScene": [
                                       "ChangeImageLayer", "Expression", "1", "Caring",
                                       "Speaks",
                                       "I'm not the one you need to be sorry to sweetie.♥ Now go and make that girl's day.",
                                       "Vivian gives you a warm smile before walking off. You should head back to Arnea's house and apologize to her."
                                  ]
                    },
                    {
                        "NameOfScene": "Vivianskip2",
                        "theScene": [
                                       ""
                                  ]
                    },
                    {
                        "NameOfScene": "Vivian end2",
                        "theScene": [
                                       "You return to the Inn after apologizing to Arnea, Vivian walks up to you with a smile on her face.",
                                       "SetChoice", "3", "Questdone",
                                       "DisplayCharacters",
                                       "1",
                                       "EndLoop",
                                       "ChangeImageLayer", "Expression", "1", "Caring",
                                       "Speaks",
                                       "Welcome back sweetie, judging by the look on your face everything went well.♥ Now I hope you will continue to make that girl happy, I'll be cheering you on from the sides.",
                                       "She gives you a final wink before heading back to work. A little tired from today's events you decide how to spend the rest of the day."
                                  ]
                    },
                    {
                        "NameOfScene": "Vivianskip",
                        "theScene": [
                                       ""
                                  ]
                    }
                ]
}
