{
    "name": "Break Time!",
    "cost": "7",
    "costType": "ep",
    "requiredLevel": "0",
    "learningCost": "7",
    "skillType": "attack",
    "statType": "Allure",
    "requiredStat": "0",
    "skillTags": [ "Seduction"],
    "fetishTags": [ ""],
    "startsStance": "",
    "requiresStance": "Any",
    "unusableIfStance": [ "Penetration", "Cuddle", "Face Sit", "Nursing", "Titfuck", "Blowjob"],
    "requiresTargetStance": [ "Any"],
    "unusableIfTarget": [ "Penetration", "Making Out"],
    "removesStance": "None",
    "requiresStatusEffect": "None",
    "requiresStatusPotency": "0",
    "unusableIfStatusEffect": [ "None"],
    "power": "0",
    "minRange": "90",
    "maxRange": "110",
    "recoil": "0",
    "targetType": "single",
    "statusEffect": "",
    "statusChance": "999",
    "statusDuration": "0",
    "statusPotency": "10",
    "statusResistedBy": "Technique",
    "statusText": "",
    "descrip": "",
    "outcome": "",
    "miss": "",
    "statusOutcome": "",
    "statusMiss": "",
    "restraintStruggle": "",
    "restraintStruggleCharmed": "",
    "restraintEscaped": "",
    "restraintEscapedFail": ""
}
