{
    "name": "Loving preparation",
    "cost": "5",
    "costType": "ep",
    "requiredLevel": "0",
    "learningCost": "250",
    "skillType": "statusEffect",
    "statType": "Technique",
    "requiredStat": "6",
    "skillTags": [ "Magic"],
    "fetishTags": [ ""],
    "startsStance": "",
    "requiresStance": "Any",
    "unusableIfStance": [ "Penetration", "Cuddle", "Face Sit", "Nursing", "Titfuck"],
    "requiresTargetStance": [ "Any"],
    "unusableIfTarget": [ "Sex", "Anal", "Blowjob", "Making Out"],
    "removesStance": "None",
    "requiresStatusEffect": "None",
    "requiresStatusPotency": "0",
    "unusableIfStatusEffect": [ "None"],
    "power": "15",
    "minRange": "90",
    "maxRange": "110",
    "recoil": "0",
    "targetType": "single",
    "statusEffect": "Technique",
    "statusChance": "100",
    "statusDuration": "3",
    "statusPotency": "30",
    "statusResistedBy": "",
    "statusText": "Streched and ready to cuddle!",
    "descrip": "",
    "outcome": "Arnea stretches all of her limbs before giving you a loving smile with her arms wide open, waiting to catch you with them and cuddle you senseless.",
    "miss": "",
    "statusOutcome": "",
    "statusMiss": "",
    "restraintStruggle": "",
    "restraintStruggleCharmed": "",
    "restraintEscaped": "",
    "restraintEscapedFail": ""
}
