{
    "name": "Loving holy headpat",
    "cost": "0",
    "costType": "ep",
    "requiredLevel": "0",
    "learningCost": "0",
    "skillType": "attack",
    "statType": "Technique",
    "requiredStat": "0",
    "skillTags": [ "Sex"],
    "fetishTags": [ ""],
    "startsStance": "",
    "requiresStance": "Any",
    "unusableIfStance": [ "Blowjob", "Face Sit"],
    "requiresTargetStance": [ "Any"],
    "unusableIfTarget": [ "Sex", "Anal", "Titfuck", "Footjob", "Cuddle", "Thighjob"],
    "removesStance": "None",
    "requiresStatusEffect": "None",
    "requiresStatusPotency": "0",
    "unusableIfStatusEffect": [ "Sleep"],
    "power": "15",
    "minRange": "90",
    "maxRange": "110",
    "recoil": "0",
    "targetType": "single",
    "statusEffect": "Stun",
    "statusChance": "40",
    "statusDuration": "1",
    "statusPotency": "45",
    "statusResistedBy": "Willpower",
    "statusText": "",
    "descrip": "Stroke your opponents cock.",
    "outcome": "Arnea pats your head with loving intensity, filling you with comforting warmth and ease.",
    "miss": "Arnea tries to pat your head with loving intensity, but you move out of the way and avoid her hand!",
    "statusOutcome": "Arnea's loving head pat was so nice you are stunned with delight!",
    "statusMiss": "",
    "restraintStruggle": "",
    "restraintStruggleCharmed": "",
    "restraintEscaped": "",
    "restraintEscapedFail": ""
}
