{
    "name": "The Moaning Forest",
    "description": "The Moaning Forest is a mod that adds an encounter with a wholesome Dark Elf via a Mystic Forest quest, unlocking further events as you progress with her, plenty of spoiling/treating to be had. Art by author.",
    "testedFor": 25.9,
    "version": 0.95,
    "tags" : [
        "Added Cuddle Fetish",
        "Romance progression",
        "+1 changing battle",
        "+20-25 Love scenes",
        "Ear fondling"
    ],
    "credits": "{b}Art{/b}\nArnea portrait and character art by Grinnvalesti.\n{b}Music{/b}\n 'Purple Planet Music - A Moment of Peace (1_45) 45bpm', 'Purple Planet Music - Bright Ideas (1_38) 140bpm', 'Purple Planet Music - Chill Factor (2_06) 80bpm' by {a=https://www.purple-planet.com/}Purple Planet{/a}",
    "authors": [
        "Grinnvalesti"
    ],
    "urlLabel": "Wiki Page",
    "url": "https://monstergirldreams.miraheze.org/wiki/Mod:The_Moaning_Forest"
}
