{
    "name": "Comforting butt job",
    "cost": "5",
    "costType": "ep",
    "requiredLevel": "0",
    "learningCost": "0",
    "skillType": "attack",
    "statType": "Technique",
    "requiredStat": "0",
    "skillTags": [ "Sex"],
    "fetishTags": [ "Ass"],
    "startsStance": "",
    "requiresStance": "Any",
    "unusableIfStance": [ "Face Sit", "Blowjob", "Cuddle"],
    "requiresTargetStance": [ "Any"],
    "unusableIfTarget": [ "Penetration", "Titfuck", "Blowjob", "Thighjob", "Nursing", "Footjob", "Cuddle", "Making Out"],
    "removesStance": "None",
    "requiresStatusEffect": "None",
    "requiresStatusPotency": "0",
    "unusableIfStatusEffect": [ "None"],
    "power": "30",
    "minRange": "90",
    "maxRange": "110",
    "recoil": "0",
    "targetType": "single",
    "statusEffect": "None",
    "statusChance": "0",
    "statusDuration": "0",
    "statusPotency": "0",
    "statusResistedBy": "",
    "statusText": "",
    "descrip": "",
    "outcome": "Arnea places your cock between her plump, rounded, rear and happily bounces it up and down, causing your swelling cock to be enveloped in her loving warmth while you groan in delight.",
    "miss": "Arnea places your cock between her plump, rounded, rear and tries to bounce on it, but you manage to pull your swelling cock away from her tempting butt!",
    "statusOutcome": "",
    "statusMiss": "",
    "restraintStruggle": "",
    "restraintStruggleCharmed": "",
    "restraintEscaped": "",
    "restraintEscapedFail": ""
}
