{
    "name": "Nursing anus caress",
    "cost": "0",
    "costType": "ep",
    "requiredLevel": "0",
    "learningCost": "0",
    "skillType": "attack",
    "statType": "Technique",
    "requiredStat": "0",
    "skillTags": [ "Ass"],
    "fetishTags": [ "Breasts"],
    "startsStance": "",
    "requiresStance": "Nursing",
    "unusableIfStance": [ "Sex", "Anal", "Thighjob"],
    "requiresTargetStance": [ "Any"],
    "unusableIfTarget": [ ""],
    "removesStance": "None",
    "requiresStatusEffect": "None",
    "requiresStatusPotency": "0",
    "unusableIfStatusEffect": [ "Sleep"],
    "power": "20",
    "minRange": "90",
    "maxRange": "110",
    "recoil": "0",
    "targetType": "single",
    "statusEffect": "None",
    "statusChance": "0",
    "statusDuration": "0",
    "statusPotency": "0",
    "statusResistedBy": "",
    "statusText": "",
    "descrip": "",
    "outcome": "Arnea licks her finger and softly caresses your anus with it in a circular motion, forcing hushed whimpers to leave your lips as you continue to suckle on her nipple.",
    "miss": "Arnea licks her finger and attempts to softly caress your anus, but you manage to avoid her finger!",
    "statusOutcome": "",
    "statusMiss": "",
    "restraintStruggle": "",
    "restraintStruggleCharmed": "",
    "restraintEscaped": "",
    "restraintEscapedFail": ""
}
