{
    "name": "Nursing loving prostate massage",
    "cost": "0",
    "costType": "ep",
    "requiredLevel": "0",
    "learningCost": "0",
    "skillType": "attack",
    "statType": "Technique",
    "requiredStat": "0",
    "skillTags": [ "Ass"],
    "fetishTags": [ "Breasts"],
    "startsStance": "",
    "requiresStance": "Nursing",
    "unusableIfStance": [ "Sex", "Anal", "Thighjob"],
    "requiresTargetStance": [ "Any"],
    "unusableIfTarget": [ ""],
    "removesStance": "None",
    "requiresStatusEffect": "None",
    "requiresStatusPotency": "0",
    "unusableIfStatusEffect": [ "Sleep"],
    "power": "20",
    "minRange": "90",
    "maxRange": "110",
    "recoil": "0",
    "targetType": "3Hits",
    "statusEffect": "Stun",
    "statusChance": "50",
    "statusDuration": "2",
    "statusPotency": "45",
    "statusResistedBy": "Willpower",
    "statusText": "",
    "descrip": "",
    "outcome": "Arnea gently inserts her finger into your tight anus before softly massaging your prostate with her index finger in a slow, steady, motion, each time you whimper and tighten up, Arnea tenderly strokes your forehead to help you relax and calm down.",
    "miss": "Arnea tries to insert her finger into your tight anus, but she is unable to sink her finger into you!",
    "statusOutcome": "Arnea's loving prostate massage leaves your body feeling stunned with delight!",
    "statusMiss": "",
    "restraintStruggle": "",
    "restraintStruggleCharmed": "",
    "restraintEscaped": "",
    "restraintEscapedFail": ""
}
