{
    "name": "Elven forbidden pleasures",
    "cost": "0",
    "costType": "ep",
    "requiredLevel": "0",
    "learningCost": "0",
    "skillType": "attack",
    "statType": "Technique",
    "requiredStat": "0",
    "skillTags": [ "Sex"],
    "fetishTags": [ "Sex", "Cock"],
    "startsStance": "Anal",
    "requiresStance": "Any",
    "unusableIfStance": [ "Blowjob", "Penetration", "Face Sit", "Titfuck", "Nursing"],
    "requiresTargetStance": [ "Any"],
    "unusableIfTarget": [ "Penetration", "Tailjob", "Footjob"],
    "removesStance": "None",
    "requiresStatusEffect": "None",
    "requiresStatusPotency": "0",
    "unusableIfStatusEffect": [ "None"],
    "power": "35",
    "minRange": "90",
    "maxRange": "110",
    "recoil": "10",
    "targetType": "single",
    "statusEffect": "none",
    "statusChance": "0",
    "statusDuration": "0",
    "statusPotency": "0",
    "statusResistedBy": "",
    "statusText": "",
    "descrip": "Fuck! Just don't get carried away.",
    "outcome": "Arnea lines her [SexAdjective] [SexWord] against your towering cock, and backing her hips into you takes your whole manhood into her warm depths, as her firm, ribbed, walls run across your length forcing you both to cry out in delight.",
    "miss": "Arnea tries to slide your erect cock inside of her tight little ass, but you manage to avoid her!",
    "statusOutcome": "",
    "statusMiss": "",
    "restraintStruggle": "",
    "restraintStruggleCharmed": "",
    "restraintEscaped": "",
    "restraintEscapedFail": ""
}
