{
    "name": "Ribbed massage",
    "cost": "5",
    "costType": "ep",
    "requiredLevel": "0",
    "learningCost": "0",
    "skillType": "attack",
    "statType": "Technique",
    "requiredStat": "7",
    "skillTags": [ "Sex"],
    "fetishTags": [ "Sex", "Cock"],
    "startsStance": "",
    "requiresStance": "Anal",
    "unusableIfStance": [ "Titfuck", "Blowjob", "Making Out", "Breast Smother"],
    "requiresTargetStance": [ "Anal"],
    "unusableIfTarget": [ "Sex"],
    "removesStance": "None",
    "requiresStatusEffect": "None",
    "requiresStatusPotency": "0",
    "unusableIfStatusEffect": [ "None"],
    "power": "40",
    "minRange": "90",
    "maxRange": "110",
    "recoil": "25",
    "targetType": "single",
    "statusEffect": "None",
    "statusChance": "0",
    "statusDuration": "0",
    "statusPotency": "0",
    "statusResistedBy": "",
    "statusText": "",
    "descrip": "",
    "outcome": "Arnea tightens her [SexAdjective] [SexWord] letting her firm, ribbed, walls softly rub and massage your entire manhood as she tries to milk you dry!",
    "miss": "Arnea tightens her [SexAdjective] [SexWord] letting her firm, ribbed, walls softly rub and massage your entire manhood, but you manage to shrug off the heavenly pleasure!",
    "statusOutcome": "",
    "statusMiss": "",
    "restraintStruggle": "",
    "restraintStruggleCharmed": "",
    "restraintEscaped": "",
    "restraintEscapedFail": ""
}
