{
    "name": "Crop spot 3",
    "CardType": "Event",
    "CardLimit": "0",
    "Description": "",
    "requires": [ ""],
    "requiresEvent": [
                        {
                          "NameOfEvent": "",
                          "Progress": "-99",
                          "ChoiceNumber": "-1",
                          "Choice": ""
                        }
                      ],
    "Speakers": [
                  {
                    "name": "Arnea",
                    "postName": "",
                    "SpeakerType": "Monster"
                  }

                ],
    "EventText": [
                    {
                        "NameOfScene": "Plant menu3",
                        "theScene": [
                                       "Menu",
                                         "Plant seeds.",
                                         "Check crop progress.",
                                         "Water/ weed crops.",
                                         "RequiresMinimumProgress", "6", "Harvest crops.",
                                         "Done.",
                                         "EndLoop"
                                  ]
                    },
                    {
                        "NameOfScene": "Plant seeds.",
                        "theScene": [
                                       "IfChoice", "1", "Planted seeds", "Cant plant seeds",
                                       "Menu",
                                         "Tender carrots.",
                                         "Crested melon.",
                                         "Grove potatoes.",
                                         "Crisp grapes.",
                                         "Succulent lemon.",
                                         "Hearty tomatoe.",
                                         "Glazed onion.",
                                         "Dont plant any seeds.",
                                         "EndLoop"
                                  ]
                    },
                    {
                        "NameOfScene": "Tender carrots.",
                        "theScene": [
                                       "SetChoice", "1", "Planted seeds",
                                       "SetChoice", "2", "Tendercarrots",
                                       "ChangeProgress", "1",
                                       "You plant some tender carrot seeds into the growing patch.",
                                       "ChangeImageLayer", "Expression", "1", "ClothedHappy",
                                       "Speaks",
                                       "SwapLineIf", "OtherEventsChoice", "ReturnHomeVisit",
                                       "7", "Couple", "I can't wait to see how delicious they taste, dear.♪",
                                       "7", "", "Oohh, g-good choice.",
                                       "EndLoop",
                                       "Arnea gives you a smile as she watches you plant the seeds.",
                                       "JumpToScene",
                                       "Plant menu3"
                                  ]
                    },
                    {
                        "NameOfScene": "Crested melon.",
                        "theScene": [
                                       "SetChoice", "1", "Planted seeds",
                                       "SetChoice", "2", "Crestedmelon",
                                       "ChangeProgress", "1",
                                       "You plant some crested melon seeds into the growing patch.",
                                       "ChangeImageLayer", "Expression", "1", "ClothedHappy",
                                       "Speaks",
                                       "SwapLineIf", "OtherEventsChoice", "ReturnHomeVisit",
                                       "7", "Couple", "I can't wait to eat some melon with you on a hot day.♥",
                                       "7", "", "Crested m-melons are a delight to eat on a hot day.",
                                       "EndLoop",
                                       "Arnea gives you a smile as she watches you plant the seeds.",
                                       "JumpToScene",
                                       "Plant menu3"
                                  ]
                    },
                    {
                        "NameOfScene": "Grove potatoes.",
                        "theScene": [
                                       "SetChoice", "1", "Planted seeds",
                                       "SetChoice", "2", "Grovepotatoes",
                                       "ChangeProgress", "1",
                                       "You plant some grove potatoes seeds into the growing patch.",
                                       "ChangeImageLayer", "Expression", "1", "ClothedHappy",
                                       "Speaks",
                                       "SwapLineIf", "OtherEventsChoice", "ReturnHomeVisit",
                                       "7", "Couple", "Did you know you can alter the taste of a Grove potatoe by mixing in some herbs to the soil? I'll show you one day, if you would like.♥",
                                       "7", "", "Grove p-potatoes are perfect for stews.",
                                       "EndLoop",
                                       "Arnea gives you a smile as she watches you plant the seeds.",
                                       "JumpToScene",
                                       "Plant menu3"
                                  ]
                    },
                    {
                        "NameOfScene": "Crisp grapes.",
                        "theScene": [
                                       "SetChoice", "1", "Planted seeds",
                                       "SetChoice", "2", "Crispgrapes",
                                       "ChangeProgress", "1",
                                       "You plant some Crisp grapes seeds into the growing patch.",
                                       "ChangeImageLayer", "Expression", "1", "ClothedHappy",
                                       "Speaks",
                                       "SwapLineIf", "OtherEventsChoice", "ReturnHomeVisit",
                                       "7", "Couple", "I wonder what we'll use this batch of Crisp grapes for? Jam? Or maybe some fresh, tasty juice!♪",
                                       "7", "", "Crisp grapes are not v-very fulfilling on their own, but when used with other ingredients, they truly a-add to the dish.",
                                       "EndLoop",
                                       "Arnea gives you a smile as she watches you plant the seeds.",
                                       "JumpToScene",
                                       "Plant menu3"
                                  ]
                    },
                    {
                        "NameOfScene": "Succulent lemon.",
                        "theScene": [
                                       "SetChoice", "1", "Planted seeds",
                                       "SetChoice", "2", "Succulentlemon",
                                       "ChangeProgress", "1",
                                       "You plant some Succulent lemon seeds into the growing patch.",
                                       "ChangeImageLayer", "Expression", "1", "ClothedHappy",
                                       "Speaks",
                                       "SwapLineIf", "OtherEventsChoice", "ReturnHomeVisit",
                                       "7", "Couple", "You can do a lot with Succulent lemon's. When grated, their skin adds a nice bitterness to deserts.♥",
                                       "7", "", "Succulent lemons are r-really sour and help when you need to stave of drowsiness.",
                                       "EndLoop",
                                       "Arnea gives you a smile as she watches you plant the seeds.",
                                       "JumpToScene",
                                       "Plant menu3"
                                  ]
                    },
                    {
                        "NameOfScene": "Hearty tomatoe.",
                        "theScene": [
                                       "SetChoice", "1", "Planted seeds",
                                       "SetChoice", "2", "Heartytomatoe",
                                       "ChangeProgress", "1",
                                       "You plant some Hearty tomatoe seeds into the growing patch.",
                                       "ChangeImageLayer", "Expression", "1", "ClothedHappy",
                                       "Speaks",
                                       "SwapLineIf", "OtherEventsChoice", "ReturnHomeVisit",
                                       "7", "Couple", "Did you know, Hearty tomatoes sometimes grow into the shape of a heart? Hehehe...♪ Though I guess the name was a bit of a give away.♥",
                                       "7", "", "Hearty t-tomatoes are the perfect addition f-for a salad or soup base.",
                                       "EndLoop",
                                       "Arnea gives you a smile as she watches you plant the seeds.",
                                       "JumpToScene",
                                       "Plant menu3"
                                  ]
                    },
                    {
                        "NameOfScene": "Glazed onion.",
                        "theScene": [
                                       "SetChoice", "1", "Planted seeds",
                                       "SetChoice", "2", "Glazedonion",
                                       "ChangeProgress", "1",
                                       "You plant some Glazed onion seeds into the growing patch.",
                                       "ChangeImageLayer", "Expression", "1", "ClothedHappy",
                                       "Speaks",
                                       "SwapLineIf", "OtherEventsChoice", "ReturnHomeVisit",
                                       "7", "Couple", "Eating a single Glazed onion a day will greatly improve your health.♥",
                                       "7", "", "Glazed onions a-are surprisingly sweet, and really help to bring out the flavours in stock based d-dishes.",
                                       "EndLoop",
                                       "Arnea gives you a smile as she watches you plant the seeds.",
                                       "JumpToScene",
                                       "Plant menu3"
                                  ]
                    },
                    {
                        "NameOfScene": "Dont plant any seeds.",
                        "theScene": [
                                       "JumpToScene",
                                       "Plant menu3"
                                  ]
                    },
                    {
                        "NameOfScene": "Cant plant seeds",
                        "theScene": [
                                       "You have already planted some seeds here.",
                                       "JumpToScene",
                                       "Plant menu3"
                                  ]
                    },
                    {
                        "NameOfScene": "Check crop progress.",
                        "theScene": [
                                       "IfProgressEquals", "0", "Nothing growing",
                                       "IfProgressEqualsOrLess", "2", "Seeds growing",
                                       "IfProgressEqualsOrLess", "3", "Seeds sprout",
                                       "IfProgressEqualsOrLess", "4", "Seeds Big",
                                       "IfProgressEqualsOrLess", "5", "Seeds bare fruit",
                                       "IfProgressEqualsOrGreater", "6", "Seeds ready for harvest"
                                  ]
                    },
                    {
                        "NameOfScene": "Seeds ready for harvest",
                        "theScene": [
                                       "Your crops are ready to be harvested, enjoy! 5/5",
                                       "JumpToScene",
                                       "Plant menu3"
                                  ]
                    },
                    {
                        "NameOfScene": "Seeds bare fruit",
                        "theScene": [
                                       "Your crops are almost ripe and ready to harvest. 4/5",
                                       "JumpToScene",
                                       "Plant menu3"
                                  ]
                    },
                    {
                        "NameOfScene": "Seeds Big",
                        "theScene": [
                                       "Your crops are growing big, small buds are forming on the stems. 3/5",
                                       "JumpToScene",
                                       "Plant menu3"
                                  ]
                    },
                    {
                        "NameOfScene": "Seeds sprout",
                        "theScene": [
                                       "Your seeds have started to sprout. 2/5",
                                       "JumpToScene",
                                       "Plant menu3"
                                  ]
                    },
                    {
                        "NameOfScene": "Seeds growing",
                        "theScene": [
                                       "Your seeds have yet to sprout. 1/5",
                                       "JumpToScene",
                                       "Plant menu3"
                                  ]
                    },
                    {
                        "NameOfScene": "Nothing growing",
                        "theScene": [
                                       "There is nothing growing here. 0/5",
                                       "JumpToScene",
                                       "Plant menu3"
                                  ]
                    },
                    {
                        "NameOfScene": "Water/ weed crops.",
                        "theScene": [
                                       "IfChoice", "1", "Planted seeds", "Waterthoseplants",
                                       "There is nothing growing here that needs water or weeding.",
                                       "JumpToScene",
                                       "Plant menu3"
                                  ]
                    },
                    {
                        "NameOfScene": "Waterthoseplants",
                        "theScene": [
                                       "IfChoice", "3", "Dailycropcare", "Waterwarning",
                                       "SetChoice", "3", "Dailycropcare",
                                       "ChangeProgress", "1",
                                       "You grab a bucket of water and gently pour some onto the growing patch. With the crops now watered, you check them and remove any weeds that are growing around them.",
                                       "ChangeImageLayer", "Expression", "1", "ClothedBlush",
                                       "Speaks",
                                       "SwapLineIf", "OtherEventsChoice", "ReturnHomeVisit",
                                       "7", "Couple", "With your love and care, I'm certain these plants will grow nice and strong.♪",
                                       "7", "", "T-thats it, treat them nice and gently.",
                                       "EndLoop",
                                       "Arnea enjoys herself as she watches you tend to the crops.",
                                       "JumpToScene",
                                       "Plant menu3"
                                  ]
                    },
                    {
                        "NameOfScene": "Waterwarning",
                        "theScene": [
                                       "You have already watered the crops and removed the weeds for today, wait until tomorrow.",
                                       "JumpToScene",
                                       "Plant menu3"
                                  ]
                    },
                    {
                      "NameOfScene": "Harvest crops.",
                      "theScene": [
                                     "IfChoice", "2", "Grovepotatoes", "Grovepotatoeharvest",
                                     "IfChoice", "2", "Crestedmelon", "Crestedmelonharvest",
                                     "IfChoice", "2", "Tendercarrots", "Tendercarrotsharvest",
                                     "IfChoice", "2", "Succulentlemon", "Succulentlemonharvest",
                                     "IfChoice", "2", "Crispgrapes", "Crispgrapesharvest",
                                     "IfChoice", "2", "Heartytomatoe", "Heartytomatoeharvest",
                                     "IfChoice", "2", "Glazedonion", "Glazedonionharvest",
                                     ""
                                ]
                  },
                  {
                      "NameOfScene": "Grovepotatoeharvest",
                      "theScene": [
                                     "SetProgress", "0",
                                     "SetChoice", "1", "",
                                     "Arnea walks over to you as you get ready to harvest the Grove potatoes.",
                                     "ChangeImageLayer", "Expression", "1", "ClothedHappy",
                                     "Speaks",
                                     "SwapLineIf", "OtherEventsChoice", "ReturnHomeVisit",
                                     "7", "Couple", "Let's see how many have grown, I can't wait to taste some.♥",
                                     "7", "", "T-this is the best part, all your efforts come to light here.",
                                     "EndLoop",
                                     "She eagerly looks at you as you pull the Grove potatoes out of the soil. Looking down you can see a healthy bunch of Grove potatoes as Arnea claps her hands.",
                                     "Speaks",
                                     "SwapLineIf", "OtherEventsChoice", "ReturnHomeVisit",
                                     "7", "Couple", "Those look splendid, dear, look at how healthy they look.♥ I'm proud of you.♪",
                                     "7", "", "They look really h-healthy and the quantity is excellent as well. G-good job.♪",
                                     "EndLoop",
                                     "You pick the Grove potatoes up and give them a quick wash at the nearby water bucket before placing them in your backpack.",
                                     "JumpToRandomScene",
                                     "Grovepotatoes3",
                                     "Grovepotatoes3",
                                     "Grovepotatoes3",
                                     "Grovepotatoes4",
                                     "Grovepotatoes4",
                                     "Grovepotatoes5",
                                     "EndLoop"
                                ]
                  },
                  {
                      "NameOfScene": "Grovepotatoes3",
                      "theScene": [
                                     "GiveItem", "3", "Grove potatoe",
                                     "JumpToScene",
                                     "Plant menu3"
                                ]
                  },
                  {
                      "NameOfScene": "Grovepotatoes4",
                      "theScene": [
                                     "GiveItem", "4", "Grove potatoe",
                                     "JumpToScene",
                                     "Plant menu3"
                                ]
                  },
                  {
                      "NameOfScene": "Grovepotatoes5",
                      "theScene": [
                                     "GiveItem", "5", "Grove potatoe",
                                     "JumpToScene",
                                     "Plant menu3"
                                ]
                  },
                  {
                      "NameOfScene": "Crestedmelonharvest",
                      "theScene": [
                                     "SetProgress", "0",
                                     "SetChoice", "1", "",
                                     "Arnea walks over to you as you get ready to harvest the Crested melons.",
                                     "ChangeImageLayer", "Expression", "1", "ClothedHappy",
                                     "Speaks",
                                     "SwapLineIf", "OtherEventsChoice", "ReturnHomeVisit",
                                     "7", "Couple", "My mouth is watering just thinking of the flavour, quickly, don't leave me in suspense, dear.♥",
                                     "7", "", "T-this is the best part, sometimes you may grow more t-than one melon.",
                                     "EndLoop",
                                     "She eagerly looks at you as you pull the crested melons out of the soil. Looking down you can see a healthy bunch of Crested melons as Arnea claps her hands.",
                                     "Speaks",
                                     "Speaks",
                                     "SwapLineIf", "OtherEventsChoice", "ReturnHomeVisit",
                                     "7", "Couple", "Those look splendid, dear, look at how healthy they look.♥ I'm proud of you.♪",
                                     "7", "", "They look really h-healthy and tasty. G-good job.♪",
                                     "EndLoop",
                                     "You pick the Crested melons up and give them a quick wash at the nearby water bucket before placing them in your backpack.",
                                     "JumpToRandomScene",
                                     "Crestedmelon1",
                                     "Crestedmelon1",
                                     "Crestedmelon1",
                                     "Crestedmelon2",
                                     "Crestedmelon2",
                                     "Crestedmelon3",
                                     "EndLoop"
                                ]
                  },
                  {
                      "NameOfScene": "Crestedmelon1",
                      "theScene": [
                                     "GiveItem", "1", "Crested melon",
                                     "JumpToScene",
                                     "Plant menu3"
                                ]
                  },
                  {
                      "NameOfScene": "Crestedmelon2",
                      "theScene": [
                                     "GiveItem", "2", "Crested melon",
                                     "JumpToScene",
                                     "Plant menu3"
                                ]
                  },
                  {
                      "NameOfScene": "Crestedmelon3",
                      "theScene": [
                                     "GiveItem", "3", "Crested melon",
                                     "JumpToScene",
                                     "Plant menu3"
                                ]
                  },
                  {
                      "NameOfScene": "Tendercarrotsharvest",
                      "theScene": [
                                     "SetProgress", "0",
                                     "SetChoice", "1", "",
                                     "Arnea walks over to you as you get ready to harvest the Tender carrots.",
                                     "ChangeImageLayer", "Expression", "1", "ClothedHappy",
                                     "Speaks",
                                     "SwapLineIf", "OtherEventsChoice", "ReturnHomeVisit",
                                     "7", "Couple", "I wonder how many Tender carrots have grown, I can't wait.♪",
                                     "7", "", "T-this is the best part, you never know how many have grown.",
                                     "EndLoop",
                                     "She eagerly looks at you as you pull the Tender carrots out of the soil. Looking down you can see a healthy bunch of Tender carrots as Arnea claps her hands.",
                                     "Speaks",
                                     "SwapLineIf", "OtherEventsChoice", "ReturnHomeVisit",
                                     "7", "Couple", "Those look splendid, dear, look at how healthy they look.♥ I'm proud of you.♪",
                                     "7", "", "They look really h-healthy and delicious. G-good job.♪",
                                     "EndLoop",
                                     "You pick the Tender carrots up and give them a quick wash at the nearby water bucket before placing them in your backpack.",
                                     "JumpToRandomScene",
                                     "Tendercarrots3",
                                     "Tendercarrots3",
                                     "Tendercarrots3",
                                     "Tendercarrots4",
                                     "Tendercarrots4",
                                     "Tendercarrots5",
                                     "EndLoop"
                                ]
                  },
                  {
                      "NameOfScene": "Tendercarrots3",
                      "theScene": [
                                     "GiveItem", "3", "Tender carrot",
                                     "JumpToScene",
                                     "Plant menu3"
                                ]
                  },
                  {
                      "NameOfScene": "Tendercarrots4",
                      "theScene": [
                                     "GiveItem", "4", "Tender carrot",
                                     "JumpToScene",
                                     "Plant menu3"
                                ]
                  },
                  {
                      "NameOfScene": "Tendercarrots5",
                      "theScene": [
                                     "GiveItem", "5", "Tender carrot",
                                     "JumpToScene",
                                     "Plant menu3"
                                ]
                  },
                  {
                        "NameOfScene": "Succulentlemonharvest",
                        "theScene": [
                                      "SetProgress", "0",
                                      "SetChoice", "1", "",
                                      "Arnea walks over to you as you get ready to harvest the Succulent lemons.",
                                      "ChangeImageLayer", "Expression", "1", "ClothedHappy",
                                      "Speaks",
                                      "SwapLineIf", "OtherEventsChoice", "ReturnHomeVisit",
                                      "7", "Couple", "Nnnaaa...♥ Must resist picking them, this is your moment, my love.♪",
                                      "7", "", "Look at t-that beautiful yellow skin.♪",
                                      "EndLoop",
                                      "She eagerly looks at you as you pluck the Succulent lemons of their vines. Looking down at your hands you can see a healthy bunch of Succulent lemons as Arnea claps her hands.",
                                      "Speaks",
                                      "SwapLineIf", "OtherEventsChoice", "ReturnHomeVisit",
                                      "7", "Couple", "Those look splendid, dear, look at how healthy they look.♥ I'm proud of you.♪",
                                      "7", "", "They look really h-healthy and delicious. G-good job.♪",
                                      "EndLoop",
                                      "You give the Succulent lemons a quick wash at the nearby water bucket before placing them in your backpack.",
                                      "JumpToRandomScene",
                                      "Succulentlemon2",
                                      "Succulentlemon2",
                                      "Succulentlemon2",
                                      "Succulentlemon3",
                                      "Succulentlemon3",
                                      "Succulentlemon4",
                                      "EndLoop"
                                  ]
                    },
                    {
                        "NameOfScene": "Succulentlemon2",
                        "theScene": [
                                      "GiveItem", "2", "Succulent lemon",
                                      "JumpToScene",
                                      "Plant menu3"
                                  ]
                    },
                    {
                        "NameOfScene": "Succulentlemon3",
                        "theScene": [
                                      "GiveItem", "3", "Succulent lemon",
                                      "JumpToScene",
                                      "Plant menu3"
                                  ]
                    },
                    {
                        "NameOfScene": "Succulentlemon4",
                        "theScene": [
                                      "GiveItem", "4", "Succulent lemon",
                                      "JumpToScene",
                                      "Plant menu3"
                                  ]
                    },
                    {
                        "NameOfScene": "Crispgrapesharvest",
                        "theScene": [
                                      "SetProgress", "0",
                                      "SetChoice", "1", "",
                                      "Arnea walks over to you as you get ready to harvest the Crisp grapes.",
                                      "ChangeImageLayer", "Expression", "1", "ClothedHappy",
                                      "Speaks",
                                      "SwapLineIf", "OtherEventsChoice", "ReturnHomeVisit",
                                      "7", "Couple", "Hehehe...♪ What a lovely, glossy crimson skin you have.♥",
                                      "7", "", "I always love l-looking at their glossy crimson skin.",
                                      "EndLoop",
                                      "She eagerly looks at you as you pluck the Crisp grapes from their vines. Looking down at your hands you can see a healthy bunch of Crisp grapes as Arnea claps her hands.",
                                      "Speaks",
                                      "SwapLineIf", "OtherEventsChoice", "ReturnHomeVisit",
                                      "7", "Couple", "Those look splendid, dear, look at how healthy they look.♥ I'm proud of you.♪",
                                      "7", "", "They look really h-healthy and delicious. G-good job.♪",
                                      "EndLoop",
                                      "You give the Crisp grapes a quick wash at the nearby water bucket before placing them in your backpack.",
                                      "JumpToRandomScene",
                                      "Crispgrapes2",
                                      "Crispgrapes2",
                                      "Crispgrapes2",
                                      "Crispgrapes3",
                                      "Crispgrapes3",
                                      "Crispgrapes4",
                                      "EndLoop"
                                  ]
                    },
                    {
                        "NameOfScene": "Crispgrapes2",
                        "theScene": [
                                      "GiveItem", "2", "Crisp grapes",
                                      "JumpToScene",
                                      "Plant menu3"
                                  ]
                    },
                    {
                        "NameOfScene": "Crispgrapes3",
                        "theScene": [
                                      "GiveItem", "3", "Crisp grapes",
                                      "JumpToScene",
                                      "Plant menu3"
                                  ]
                    },
                    {
                        "NameOfScene": "Crispgrapes4",
                        "theScene": [
                                      "GiveItem", "4", "Crisp grapes",
                                      "JumpToScene",
                                      "Plant menu3"
                                  ]
                    },
                    {
                        "NameOfScene": "Heartytomatoeharvest",
                        "theScene": [
                                      "SetProgress", "0",
                                      "SetChoice", "1", "",
                                      "Arnea walks over to you as you get ready to harvest the Hearty tomatoes.",
                                      "ChangeImageLayer", "Expression", "1", "ClothedHappy",
                                      "Speaks",
                                      "SwapLineIf", "OtherEventsChoice", "ReturnHomeVisit",
                                      "7", "Couple", "See? One of the Hearty tomatoes looks like a little heart, how cute.♪",
                                      "7", "", "L-looks like you have a good batch there.",
                                      "EndLoop",
                                      "She eagerly looks at you as you pluck the Hearty tomatoes from their vines. Looking down at your hands you can see a healthy bunch of Hearty tomatoes as Arnea claps her hands.",
                                      "Speaks",
                                      "SwapLineIf", "OtherEventsChoice", "ReturnHomeVisit",
                                      "7", "Couple", "Those look splendid, dear, look at how healthy they look.♥ I'm proud of you.♪",
                                      "7", "", "They look really h-healthy and delicious. G-good job.♪",
                                      "EndLoop",
                                      "You give the Hearty tomatoes a quick wash at the nearby water bucket before placing them in your backpack.",
                                      "JumpToRandomScene",
                                      "Heartytomatoe2",
                                      "Heartytomatoe2",
                                      "Heartytomatoe2",
                                      "Heartytomatoe3",
                                      "Heartytomatoe3",
                                      "Heartytomatoe4",
                                      "EndLoop"
                                  ]
                    },
                    {
                        "NameOfScene": "Heartytomatoe2",
                        "theScene": [
                                      "GiveItem", "2", "Hearty tomatoe",
                                      "JumpToScene",
                                      "Plant menu3"
                                  ]
                    },
                    {
                        "NameOfScene": "Heartytomatoe3",
                        "theScene": [
                                      "GiveItem", "3", "Hearty tomatoe",
                                      "JumpToScene",
                                      "Plant menu3"
                                  ]
                    },
                    {
                        "NameOfScene": "Heartytomatoe4",
                        "theScene": [
                                      "GiveItem", "4", "Hearty tomatoe",
                                      "JumpToScene",
                                      "Plant menu3"
                                  ]
                    },
                    {
                        "NameOfScene": "Glazedonionharvest",
                        "theScene": [
                                      "SetProgress", "0",
                                      "SetChoice", "1", "",
                                      "Arnea walks over to you as you get ready to harvest the Glazed onions.",
                                      "ChangeImageLayer", "Expression", "1", "ClothedHappy",
                                      "Speaks",
                                      "SwapLineIf", "OtherEventsChoice", "ReturnHomeVisit",
                                      "7", "Couple", "What a lovely golden skin, I bet these ones are extra sweet.♥",
                                      "7", "", "They l-look lovely and sweet.♪",
                                      "EndLoop",
                                      "She eagerly looks at you as you pull the Glazed onions from the ground. Looking down at your hands you can see a healthy bunch of Glazed onions as Arnea claps her hands.",
                                      "Speaks",
                                      "SwapLineIf", "OtherEventsChoice", "ReturnHomeVisit",
                                      "7", "Couple", "Those look splendid, dear, look at how healthy they look.♥ I'm proud of you.♪",
                                      "7", "", "They look really h-healthy and delicious. G-good job.♪",
                                      "EndLoop",
                                      "You give the Glazed onions a quick wash at the nearby water bucket before placing them in your backpack.",
                                      "JumpToRandomScene",
                                      "Glazedonion2",
                                      "Glazedonion2",
                                      "Glazedonion2",
                                      "Glazedonion3",
                                      "Glazedonion3",
                                      "Glazedonion4",
                                      "EndLoop"
                                  ]
                    },
                    {
                        "NameOfScene": "Glazedonion2",
                        "theScene": [
                                      "GiveItem", "2", "Glazed onion",
                                      "JumpToScene",
                                      "Plant menu3"
                                  ]
                    },
                    {
                        "NameOfScene": "Glazedonion3",
                        "theScene": [
                                      "GiveItem", "3", "Glazed onion",
                                      "JumpToScene",
                                      "Plant menu3"
                                  ]
                    },
                    {
                        "NameOfScene": "Glazedonion4",
                        "theScene": [
                                      "GiveItem", "4", "Glazed onion",
                                      "JumpToScene",
                                      "Plant menu3"
                                  ]
                    },
                    {
                        "NameOfScene": "Done.",
                        "theScene": [
                                       "JumpToEventThenScene",
                                       "Gardenevent",
                                       "GardeningMenu"
                                  ]
                    }



                ]
}
