{
    "name": "Elven tongue dance",
    "cost": "0",
    "costType": "ep",
    "requiredLevel": "0",
    "learningCost": "0",
    "skillType": "attack",
    "statType": "Technique",
    "requiredStat": "0",
    "skillTags": [ "Mouth"],
    "fetishTags": [ "Kissing"],
    "startsStance": "",
    "requiresStance": "Making Out",
    "unusableIfStance": [ "Blowjob", "Sex", "Anal", "Titfuck"],
    "requiresTargetStance": [ "Making Out"],
    "unusableIfTarget": [ "Face Sit"],
    "removesStance": "None",
    "requiresStatusEffect": "None",
    "requiresStatusPotency": "0",
    "unusableIfStatusEffect": [ "Sleep"],
    "power": "15",
    "minRange": "90",
    "maxRange": "110",
    "recoil": "5",
    "targetType": "3Hits",
    "statusEffect": "Charm",
    "statusChance": "45",
    "statusDuration": "3",
    "statusPotency": "50",
    "statusResistedBy": "Willpower",
    "statusText": "",
    "descrip": "Kiss your opponent.",
    "outcome": "Arnea's tongue dances around in your mouth as she licks your gums, teeth and entwines her tongue with yours, leaving no part of you unexplored.",
    "miss": "Arnea's tongue dances around in your mouth as she licks your gums, teeth and tries to entwine her tongue with yours, but you manage to fend her tongue off with your own!",
    "statusOutcome": "Arnea's intense and loving kiss leaves your mind feeling numb. You are charmed!",
    "statusMiss": "",
    "restraintStruggle": "",
    "restraintStruggleCharmed": "",
    "restraintEscaped": "",
    "restraintEscapedFail": ""
}
