{
    "name": "Gentle kiss",
    "cost": "0",
    "costType": "ep",
    "requiredLevel": "0",
    "learningCost": "0",
    "skillType": "attack",
    "statType": "Allure",
    "requiredStat": "0",
    "skillTags": [ "Mouth"],
    "fetishTags": [ "Kissing"],
    "startsStance": "",
    "requiresStance": "Any",
    "unusableIfStance": [ "Blowjob", "Face Sit", "Footjob", "Titfuck"],
    "requiresTargetStance": [ "Any"],
    "unusableIfTarget": [ "Face Sit"],
    "removesStance": "None",
    "requiresStatusEffect": "None",
    "requiresStatusPotency": "0",
    "unusableIfStatusEffect": [ "Sleep"],
    "power": "10",
    "minRange": "90",
    "maxRange": "110",
    "recoil": "0",
    "targetType": "single",
    "statusEffect": "None",
    "statusChance": "0",
    "statusDuration": "0",
    "statusPotency": "0",
    "statusResistedBy": "",
    "statusText": "",
    "descrip": "Kiss your opponent.",
    "outcome": "Arnea gently kisses you on the lips leaving a faint taste of herbs behind, your face feels a little warmer as she licks her lips with a playful smile.",
    "miss": "Arnea attempts to gently kiss you. However, you manage to avoid her inviting lips!",
    "statusOutcome": "",
    "statusMiss": "",
    "restraintStruggle": "",
    "restraintStruggleCharmed": "",
    "restraintEscaped": "",
    "restraintEscapedFail": ""
}
