{
    "name": "Kissing frenzy",
    "cost": "0",
    "costType": "ep",
    "requiredLevel": "0",
    "learningCost": "0",
    "skillType": "attack",
    "statType": "Technique",
    "requiredStat": "0",
    "skillTags": [ "Mouth"],
    "fetishTags": [ "Kissing"],
    "startsStance": "",
    "requiresStance": "Making Out",
    "unusableIfStance": [ "Blowjob", "Sex", "Anal", "Titfuck"],
    "requiresTargetStance": [ "Making Out"],
    "unusableIfTarget": [ "Face Sit"],
    "removesStance": "None",
    "requiresStatusEffect": "None",
    "requiresStatusPotency": "0",
    "unusableIfStatusEffect": [ "Sleep"],
    "power": "15",
    "minRange": "90",
    "maxRange": "110",
    "recoil": "5",
    "targetType": "3Hits",
    "statusEffect": "Stun",
    "statusChance": "45",
    "statusDuration": "2",
    "statusPotency": "50",
    "statusResistedBy": "Willpower",
    "statusText": "",
    "descrip": "Kiss your opponent.",
    "outcome": "Arnea rains tender kisses down onto your face leaving no part un-kissed, faint lip marks and saliva are left behind from her loving frenzy, marking her territory.",
    "miss": "Arnea tries to cover your face in tender kisses, but you manage to dodge her and keep your distance!",
    "statusOutcome": "Arnea's kissing frenzy has left you in a stunned state!",
    "statusMiss": "",
    "restraintStruggle": "",
    "restraintStruggleCharmed": "",
    "restraintEscaped": "",
    "restraintEscapedFail": ""
}
