{
    "name": "Lover's invitation",
    "cost": "0",
    "costType": "ep",
    "requiredLevel": "0",
    "learningCost": "50",
    "skillType": "attack",
    "statType": "Technique",
    "requiredStat": "0",
    "skillTags": [ "Mouth"],
    "fetishTags": [ "Kissing"],
    "startsStance": "Making Out",
    "requiresStance": "Any",
    "unusableIfStance": [ "Making Out", "Face Sit",  "Breast Smother", "Nursing", "Blowjob"],
    "requiresTargetStance": [ "Any"],
    "unusableIfTarget": [ "Making Out", "Face Sit", "Breast Smother", "Titfuck", "Footjob"],
    "removesStance": "None",
    "requiresStatusEffect": "None",
    "requiresStatusPotency": "0",
    "unusableIfStatusEffect": [ ""],
    "power": "15",
    "minRange": "90",
    "maxRange": "110",
    "recoil": "5",
    "targetType": "single",
    "statusEffect": "none",
    "statusChance": "0",
    "statusDuration": "0",
    "statusPotency": "0",
    "statusResistedBy": "",
    "statusText": "",
    "descrip": "Start making out with an opponent.",
    "outcome": "Arnea softly sucks and nibbles on your lower lip, then the moment you open your mouth to catch a breath, she slips her tongue in as you engage in a loving make out session!",
    "miss": "Arnea softly sucks and nibbles on your lower lip, but the moment she tries to slip her tongue in your mouth you pull away from her!",
    "statusOutcome": "",
    "statusMiss": "",
    "restraintStruggle": "",
    "restraintStruggleCharmed": "",
    "restraintEscaped": "",
    "restraintEscapedFail": ""
}
