{
    "name": "Love nibble",
    "cost": "0",
    "costType": "ep",
    "requiredLevel": "0",
    "learningCost": "0",
    "skillType": "attack",
    "statType": "Technique",
    "requiredStat": "0",
    "skillTags": [ "Mouth"],
    "fetishTags": [ "Kissing"],
    "startsStance": "",
    "requiresStance": "Making Out",
    "unusableIfStance": [ "Blowjob", "Sex", "Anal", "Titfuck"],
    "requiresTargetStance": [ "Making Out"],
    "unusableIfTarget": [ "Face Sit"],
    "removesStance": "None",
    "requiresStatusEffect": "None",
    "requiresStatusPotency": "0",
    "unusableIfStatusEffect": [ "Sleep"],
    "power": "20",
    "minRange": "90",
    "maxRange": "110",
    "recoil": "0",
    "targetType": "single",
    "statusEffect": "None",
    "statusChance": "0",
    "statusDuration": "0",
    "statusPotency": "0",
    "statusResistedBy": "",
    "statusText": "",
    "descrip": "Kiss your opponent.",
    "outcome": "Arnea presses her soft lips against your neck and gently nibbles on your skin with her front teeth, leaving faint marks and saliva behind.",
    "miss": "Arnea presses her soft lips against your neck and attempts to nibble your skin, but you manage to pull away from her!",
    "statusOutcome": "",
    "statusMiss": "",
    "restraintStruggle": "",
    "restraintStruggleCharmed": "",
    "restraintEscaped": "",
    "restraintEscapedFail": ""
}
