{
    "name": "Elven warmth",
    "cost": "0",
    "costType": "ep",
    "requiredLevel": "0",
    "learningCost": "0",
    "skillType": "attack",
    "statType": "Technique",
    "requiredStat": "0",
    "skillTags": [ "Sex"],
    "fetishTags": [ "Oral"],
    "startsStance": "",
    "requiresStance": "Blowjob",
    "unusableIfStance": [ ""],
    "requiresTargetStance": [ "Blowjob"],
    "unusableIfTarget": [ "Sex", "Anal"],
    "removesStance": "None",
    "requiresStatusEffect": "None",
    "requiresStatusPotency": "0",
    "unusableIfStatusEffect": [ "None"],
    "power": "20",
    "minRange": "90",
    "maxRange": "110",
    "recoil": "5",
    "targetType": "3Hits",
    "statusEffect": "none",
    "statusChance": "0",
    "statusDuration": "0",
    "statusPotency": "0",
    "statusResistedBy": "",
    "statusText": "",
    "descrip": "Suck Dick Deeper.",
    "outcome": "Arnea takes your entire length into her mouth as the tip of your cock snugly rests in the back her throat, then with a pleasant tightness, she purses her lips around the base of your manhood while licking the underside of your shaft with her wet tongue, sending varying waves of bliss through your body as she relentlessly sucks your cock.",
    "miss": "Arnea tries to take your entire length into her mouth, but the moment she does, you pull your cock back out and put a stop to her attack!",
    "statusOutcome": "",
    "statusMiss": "",
    "restraintStruggle": "",
    "restraintStruggleCharmed": "",
    "restraintEscaped": "",
    "restraintEscapedFail": ""
}
