{
    "name": "Elven tongue exploration",
    "cost": "0",
    "costType": "ep",
    "requiredLevel": "0",
    "learningCost": "0",
    "skillType": "attack",
    "statType": "Technique",
    "requiredStat": "0",
    "skillTags": [ "Sex"],
    "fetishTags": [ "Oral"],
    "startsStance": "",
    "requiresStance": ["Blowjob", "Titfuck"],
    "unusableIfStance": [ ""],
    "requiresTargetStance": [ "Blowjob"],
    "unusableIfTarget": [ "Sex", "Anal"],
    "removesStance": "None",
    "requiresStatusEffect": "None",
    "requiresStatusPotency": "0",
    "unusableIfStatusEffect": [ "None"],
    "power": "30",
    "minRange": "90",
    "maxRange": "110",
    "recoil": "5",
    "targetType": "single",
    "statusEffect": "none",
    "statusChance": "0",
    "statusDuration": "0",
    "statusPotency": "0",
    "statusResistedBy": "",
    "statusText": "",
    "descrip": "Suck Dick Deeper.",
    "outcome": "Arnea skilfully traces her tongue over the head and rim of your cock, sending shivers of delight up your spine as she covers you in her warm, wet, love.",
    "miss": "Arnea skilfully traces her tongue over the head and rim of your cock, but you manage to grit your teeth and resist the wet pleasure!",
    "statusOutcome": "",
    "statusMiss": "",
    "restraintStruggle": "",
    "restraintStruggleCharmed": "",
    "restraintEscaped": "",
    "restraintEscapedFail": ""
}
