{
    "name": "Greedy indulgence",
    "cost": "0",
    "costType": "ep",
    "requiredLevel": "0",
    "learningCost": "0",
    "skillType": "attack",
    "statType": "Technique",
    "requiredStat": "0",
    "skillTags": [ "Sex"],
    "fetishTags": [ "Oral", "Ass"],
    "startsStance": "Blowjob",
    "requiresStance": "Face Sit",
    "unusableIfStance": [ "Blowjob"],
    "requiresTargetStance": [ "Face Sit"],
    "unusableIfTarget": [ "Sex", "Anal", "Blowjob"],
    "removesStance": "None",
    "requiresStatusEffect": "None",
    "requiresStatusPotency": "0",
    "unusableIfStatusEffect": [ "None"],
    "power": "25",
    "minRange": "90",
    "maxRange": "110",
    "recoil": "5",
    "targetType": "single",
    "statusEffect": "none",
    "statusChance": "0",
    "statusDuration": "0",
    "statusPotency": "0",
    "statusResistedBy": "",
    "statusText": "",
    "descrip": "Suck Dick Deeper.",
    "outcome": "With her wet pussy still on your face, Arnea bends down and gives your throbbing cock a few soft licks before taking your entire length into her comforting mouth.",
    "miss": "With her wet pussy still on your face, Arnea attempts to give you a blowjob as well, but you manage to move your cock out of the way!",
    "statusOutcome": "",
    "statusMiss": "",
    "restraintStruggle": "",
    "restraintStruggleCharmed": "",
    "restraintEscaped": "",
    "restraintEscapedFail": ""
}
