{
    "name": "Soothing warmth",
    "cost": "0",
    "costType": "ep",
    "requiredLevel": "0",
    "learningCost": "0",
    "skillType": "attack",
    "statType": "Core",
    "requiredStat": "0",
    "skillTags": [ "Sex"],
    "fetishTags": [ "Oral"],
    "startsStance": "Blowjob",
    "requiresStance": "Any",
    "unusableIfStance": [ "Making Out", "Blowjob", "Face Sit", "Nursing", "Cuddle"],
    "requiresTargetStance": [ "Any"],
    "unusableIfTarget": [ "Sex", "Anal", "Footjob", "Titfuck"],
    "unusableIfTargetHasTheseSets": [[ "Blowjob", "Blowjob", "Blowjob", "Blowjob", "Blowjob"]],
    "removesStance": "None",
    "requiresStatusEffect": "None",
    "requiresStatusPotency": "0",
    "unusableIfStatusEffect": [ "None"],
    "power": "20",
    "minRange": "90",
    "maxRange": "110",
    "recoil": "5",
    "targetType": "single",
    "statusEffect": "none",
    "statusChance": "0",
    "statusDuration": "0",
    "statusPotency": "0",
    "statusResistedBy": "",
    "statusText": "",
    "descrip": "Suck Dick.",
    "outcome": "Arnea opens her mouth and takes your entire cock into her mouth, sending shivers up your spine as her sticky, warm, saliva surrounds your entire manhood.",
    "miss": "Arnea parts her lips and tries to take your cock inside of her warm, inviting, mouth, but you manage to twist your hips and avoid her!",
    "statusOutcome": "",
    "statusMiss": "",
    "restraintStruggle": "",
    "restraintStruggleCharmed": "",
    "restraintEscaped": "",
    "restraintEscapedFail": ""
}
