{
    "name": "Sticky twirl",
    "cost": "0",
    "costType": "ep",
    "requiredLevel": "0",
    "learningCost": "0",
    "skillType": "attack",
    "statType": "Technique",
    "requiredStat": "0",
    "skillTags": [ "Sex"],
    "fetishTags": [ "Oral"],
    "startsStance": "",
    "requiresStance": "Blowjob",
    "unusableIfStance": [ ""],
    "requiresTargetStance": [ "Blowjob"],
    "unusableIfTarget": [ "Sex", "Anal"],
    "removesStance": "None",
    "requiresStatusEffect": "None",
    "requiresStatusPotency": "0",
    "unusableIfStatusEffect": [ "None"],
    "power": "25",
    "minRange": "90",
    "maxRange": "110",
    "recoil": "5",
    "targetType": "single",
    "statusEffect": "none",
    "statusChance": "0",
    "statusDuration": "0",
    "statusPotency": "0",
    "statusResistedBy": "",
    "statusText": "",
    "descrip": "Suck Dick Deeper.",
    "outcome": "Arnea skilfully wraps and twirls her wet tongue around your shaft as every inch of it is licked and tasted, sending tingling pulses of pleasure up your body.",
    "miss": "Arnea skilfully wraps and twirls her wet tongue around your shaft as every inch of it is licked and tasted, but you manage to grit your teeth and resist her wet pleasure!",
    "statusOutcome": "",
    "statusMiss": "",
    "restraintStruggle": "",
    "restraintStruggleCharmed": "",
    "restraintEscaped": "",
    "restraintEscapedFail": ""
}
