{
    "name": "Warming love",
    "cost": "0",
    "costType": "ep",
    "requiredLevel": "0",
    "learningCost": "0",
    "skillType": "attack",
    "statType": "Core",
    "requiredStat": "0",
    "skillTags": [ "Sex"],
    "fetishTags": [ "Oral"],
    "startsStance": "Blowjob",
    "requiresStance": "Titfuck",
    "unusableIfStance": [ "Making Out", "Blowjob", "Face Sit", "Nursing", "Cuddle"],
    "requiresTargetStance": [ "Any"],
    "unusableIfTarget": [ "Sex", "Anal", "Footjob"],
    "unusableIfTargetHasTheseSets": [[ "Blowjob", "Blowjob", "Blowjob", "Blowjob", "Blowjob"]],
    "removesStance": "None",
    "requiresStatusEffect": "None",
    "requiresStatusPotency": "0",
    "unusableIfStatusEffect": [ "None"],
    "power": "20",
    "minRange": "90",
    "maxRange": "110",
    "recoil": "5",
    "targetType": "single",
    "statusEffect": "none",
    "statusChance": "0",
    "statusDuration": "0",
    "statusPotency": "0",
    "statusResistedBy": "",
    "statusText": "",
    "descrip": "Suck Dick.",
    "outcome": "Arnea parts her wet lips and takes the tip of your cock into her warm, soothing, mouth, while she continues to stimulate your shaft with her soft tits.",
    "miss": "Arnea attempts to take the head of your cock into her warm mouth, however, you manage to avoid her lips!",
    "statusOutcome": "",
    "statusMiss": "",
    "restraintStruggle": "",
    "restraintStruggleCharmed": "",
    "restraintEscaped": "",
    "restraintEscapedFail": ""
}
