{
    "name": "Heavenly softness",
    "cost": "0",
    "costType": "ep",
    "requiredLevel": "0",
    "learningCost": "0",
    "skillType": "attack",
    "statType": "Technique",
    "requiredStat": "0",
    "skillTags": [ "Sex"],
    "fetishTags": [ "Breasts"],
    "startsStance": "Titfuck",
    "requiresStance": "Any",
    "unusableIfStance": [ "Making Out", "Blowjob", "Titfuck", "Face Sit", "Cuddle", "Nursing"],
    "requiresTargetStance": [ "Any"],
    "unusableIfTarget": [ "Sex", "Anal", "Tailjob", "Blowjob"],
    "removesStance": "None",
    "requiresStatusEffect": "None",
    "requiresStatusPotency": "0",
    "unusableIfStatusEffect": [ "None"],
    "power": "20",
    "minRange": "90",
    "maxRange": "110",
    "recoil": "0",
    "targetType": "single",
    "statusEffect": "none",
    "statusChance": "0",
    "statusDuration": "0",
    "statusPotency": "0",
    "statusResistedBy": "",
    "statusText": "",
    "descrip": "",
    "outcome": "Arnea kneels down in front of you and squeezes your swelling cock between her lovely, soft, breasts, as she starts to roll them over your entire length.",
    "miss": "Arnea kneels down in front of you and tries to squeeze your rigid cock between her lovely, soft, breasts, but you manage to pull away from her!",
    "statusOutcome": "",
    "statusMiss": "",
    "restraintStruggle": "",
    "restraintStruggleCharmed": "",
    "restraintEscaped": "",
    "restraintEscapedFail": ""
}
