{
    "name": "Lover's pampering",
    "cost": "0",
    "costType": "ep",
    "requiredLevel": "0",
    "learningCost": "0",
    "skillType": "attack",
    "statType": "Allure",
    "requiredStat": "0",
    "skillTags": [ "Mouth"],
    "fetishTags": [ "Breasts"],
    "startsStance": "",
    "requiresStance": "Any",
    "unusableIfStance": [ "Blowjob", "Penetration", "Face Sit", "Titfuck", "Making Out", "Cuddle"],
    "requiresTargetStance": [ "Any"],
    "unusableIfTarget": [ "Penetration", "Tailjob", "Footjob"],
    "removesStance": "None",
    "requiresStatusEffect": "None",
    "requiresStatusPotency": "0",
    "unusableIfStatusEffect": [ "None"],
    "power": "15",
    "minRange": "90",
    "maxRange": "110",
    "recoil": "0",
    "targetType": "single",
    "statusEffect": "",
    "statusChance": "999",
    "statusDuration": "0",
    "statusPotency": "10",
    "statusResistedBy": "Technique",
    "statusText": "",
    "descrip": "",
    "outcome": "",
    "miss": "",
    "statusOutcome": "|f|CallCombatEventAndScene|/|ArneaCombatEvents|/|Nursing invitation|n|",
    "statusMiss": "",
    "restraintStruggle": "",
    "restraintStruggleCharmed": "",
    "restraintEscaped": "",
    "restraintEscapedFail": ""
}
