{
    "name": "Walkingprogress",
    "CardType": "",
    "CardLimit": "0",
    "Description": "",
    "requires": [""],
    "requiresEvent": [
        {
            "NameOfEvent": "",
            "Progress": "99",
            "Choice": "",
            "ChoiceNumber": "-1"
        }
    ],
    "Speakers": [
        {
            "name": "",
            "postName": "",
            "SpeakerType": ""
        }
    ],
    "EventText": [
          {
            "NameOfScene": "",
            "theScene": [

            ]
}
          ]
          }
